{"imagePath":"TugGame_tex.png","SubTexture":[{"x":341,"width":86,"name":"_TRASH/Symbol 36","y":310,"height":72},{"x":495,"width":63,"name":"_TRASH/Symbol 33","y":310,"height":35},{"x":262,"width":63,"name":"_TRASH/Symbol 34","y":315,"height":35},{"x":645,"width":63,"name":"_TRASH/Symbol 35","y":310,"height":35},{"x":898,"width":58,"name":"_TRASH/Symbol 31","y":348,"height":33},{"x":766,"width":58,"name":"_TRASH/Symbol 32","y":357,"height":33},{"x":758,"width":42,"name":"_DB/_ORIGINAL/_characters/_secondary/_anais/anais_pupils","y":427,"height":15},{"x":811,"width":21,"name":"_TRASH/Symbol 37","y":187,"height":7},{"x":835,"width":87,"name":"_TRASH/Symbol 38","y":247,"height":72},{"x":833,"width":63,"name":"_TRASH/Symbol 39","y":321,"height":35},{"x":710,"width":63,"name":"_TRASH/Symbol 41","y":319,"height":35},{"x":65,"width":63,"name":"_TRASH/Symbol 43","y":324,"height":35},{"x":0,"width":63,"name":"_TRASH/Symbol 45","y":324,"height":35},{"x":706,"width":58,"name":"_TRASH/Symbol 40","y":356,"height":33},{"x":421,"width":34,"name":"_TRASH/Symbol 46","y":439,"height":13},{"x":36,"width":34,"name":"_TRASH/Symbol 47","y":441,"height":13},{"x":758,"width":34,"name":"_TRASH/Symbol 48","y":444,"height":13},{"x":552,"width":34,"name":"_TRASH/Symbol 49","y":441,"height":13},{"x":703,"width":34,"name":"_TRASH/Symbol 50","y":450,"height":13},{"x":457,"width":34,"name":"_TRASH/Symbol 51","y":448,"height":13},{"x":0,"width":34,"name":"_TRASH/Symbol 52","y":441,"height":13},{"x":693,"width":32,"name":"_TRASH/Symbol 53","y":465,"height":9},{"x":375,"width":32,"name":"_TRASH/Symbol 54","y":464,"height":9},{"x":739,"width":32,"name":"_TRASH/Symbol 55","y":459,"height":9},{"x":453,"width":32,"name":"_TRASH/Symbol 56","y":463,"height":9},{"x":710,"width":87,"name":"_TRASH/Symbol 26 copy","y":245,"height":72},{"x":276,"width":63,"name":"__dbTextures/_DB/anais_head/Layer 16_208","y":278,"height":35},{"x":388,"width":31,"name":"__dbTextures/_DB/anais_head/Layer 14_208","y":428,"height":21},{"x":271,"width":47,"name":"__dbTextures/_DB/anais_head/Layer 13_208","y":424,"height":12},{"x":0,"width":191,"name":"_DB/_ORIGINAL/_characters/_secondary/_banana/banana_body.png","y":19,"height":303},{"x":839,"width":96,"name":"_DB/_ORIGINAL/_characters/_secondary/_banana/banana_face_1.png","y":149,"height":96},{"x":847,"width":96,"name":"_DB/_ORIGINAL/_characters/_secondary/_banana/banana_face_7.png","y":19,"height":128},{"x":713,"width":96,"name":"_DB/_ORIGINAL/_characters/_secondary/_banana/banana_face_9.png","y":115,"height":128},{"x":713,"width":132,"name":"_DB/_ORIGINAL/_characters/_secondary/_bobert/bobert_head_bg.png","y":19,"height":94},{"x":0,"width":42,"name":"__dbTextures/_DB/bobert_head/Layer 2_0","y":361,"height":42},{"x":633,"width":42,"name":"__dbTextures/_DB/bobert_head/Layer 2_2","y":375,"height":42},{"x":958,"width":42,"name":"__dbTextures/_DB/bobert_head/Layer 2_4","y":369,"height":42},{"x":378,"width":42,"name":"__dbTextures/_DB/bobert_head/Layer 2_6","y":384,"height":42},{"x":968,"width":42,"name":"__dbTextures/_DB/bobert_head/Layer 2_8","y":325,"height":42},{"x":473,"width":42,"name":"__dbTextures/_DB/bobert_head/Layer 2_10","y":385,"height":42},{"x":979,"width":42,"name":"__dbTextures/_DB/bobert_head/Layer 2_12","y":281,"height":42},{"x":246,"width":42,"name":"__dbTextures/_DB/bobert_head/Layer 2_14","y":380,"height":42},{"x":290,"width":42,"name":"__dbTextures/_DB/bobert_head/Layer 2_16","y":380,"height":42},{"x":44,"width":42,"name":"__dbTextures/_DB/bobert_head/Layer 2_18","y":361,"height":42},{"x":924,"width":42,"name":"__dbTextures/_DB/bobert_head/Layer 2_20","y":304,"height":42},{"x":429,"width":42,"name":"__dbTextures/_DB/bobert_head/Layer 2_22","y":359,"height":42},{"x":553,"width":42,"name":"__dbTextures/_DB/bobert_head/Layer 2_24","y":361,"height":42},{"x":885,"width":42,"name":"__dbTextures/_DB/bobert_head/Layer 2_26","y":383,"height":42},{"x":124,"width":42,"name":"__dbTextures/_DB/bobert_head/Layer 2_28","y":362,"height":42},{"x":334,"width":42,"name":"__dbTextures/_DB/bobert_head/Layer 2_30","y":384,"height":42},{"x":945,"width":19,"name":"__dbTextures/_DB/bobert_head/Layer 2_32","y":19,"height":40},{"x":1001,"width":19,"name":"__dbTextures/_DB/bobert_head/Layer 2_33","y":0,"height":40},{"x":474,"width":101,"name":"_TRASH/Symbol 7 copy","y":239,"height":69},{"x":1009,"width":8,"name":"_TRASH/Symbol 6 copy","y":123,"height":18},{"x":495,"width":56,"name":"_TRASH/Symbol 26","y":347,"height":36},{"x":775,"width":56,"name":"_TRASH/Symbol 27","y":319,"height":36},{"x":130,"width":56,"name":"_TRASH/Symbol 28","y":324,"height":36},{"x":168,"width":54,"name":"_TRASH/Symbol 2 copy","y":389,"height":28},{"x":1004,"width":15,"name":"_DB/_ORIGINAL/_characters/_secondary/black_pupil","y":157,"height":15},{"x":341,"width":101,"name":"_TRASH/Symbol 4 copy 2","y":239,"height":69},{"x":458,"width":37,"name":"_DB/_ORIGINAL/_characters/_darwin/darwin_head_high_mouth","y":429,"height":17},{"x":188,"width":56,"name":"_TRASH/Symbol 5 copy 2","y":359,"height":28},{"x":986,"width":7,"name":"_TRASH/Symbol 6 copy 2","y":152,"height":7},{"x":995,"width":7,"name":"_TRASH/Symbol 7 copy 2","y":152,"height":7},{"x":560,"width":83,"name":"_TRASH/Symbol 8 copy 2","y":310,"height":21},{"x":577,"width":101,"name":"_TRASH/Symbol 3 copy 2","y":239,"height":69},{"x":815,"width":47,"name":"_DB/_ORIGINAL/_characters/_darwin/darwin_head_optimal_mouth","y":413,"height":20},{"x":826,"width":57,"name":"_TRASH/Symbol 2 copy 2","y":358,"height":34},{"x":593,"width":115,"name":"_TRASH/Symbol 25","y":147,"height":90},{"x":88,"width":34,"name":"_TRASH/Symbol 10","y":397,"height":34},{"x":722,"width":34,"name":"_TRASH/Symbol 20","y":391,"height":34},{"x":799,"width":34,"name":"_TRASH/Symbol 22","y":283,"height":34},{"x":36,"width":34,"name":"_TRASH/Symbol 23","y":405,"height":34},{"x":597,"width":34,"name":"_TRASH/Symbol 24","y":397,"height":34},{"x":72,"width":34,"name":"_TRASH/Symbol 18","y":433,"height":20},{"x":802,"width":34,"name":"_TRASH/Symbol 19","y":435,"height":20},{"x":589,"width":34,"name":"_TRASH/Symbol 21","y":433,"height":20},{"x":0,"width":34,"name":"_TRASH/Symbol 9","y":405,"height":34},{"x":597,"width":34,"name":"_TRASH/Symbol 13","y":361,"height":34},{"x":422,"width":34,"name":"_TRASH/Symbol 15","y":403,"height":34},{"x":553,"width":34,"name":"_TRASH/Symbol 16","y":405,"height":34},{"x":517,"width":34,"name":"_TRASH/Symbol 17","y":385,"height":34},{"x":864,"width":34,"name":"_TRASH/Symbol 11","y":427,"height":21},{"x":320,"width":34,"name":"_TRASH/Symbol 12","y":428,"height":21},{"x":722,"width":34,"name":"_TRASH/Symbol 14","y":427,"height":21},{"x":560,"width":71,"name":"_TRASH/Symbol 14 copy","y":333,"height":26},{"x":188,"width":71,"name":"_TRASH/Symbol 15 copy","y":331,"height":26},{"x":633,"width":71,"name":"_TRASH/Symbol 16 copy","y":347,"height":26},{"x":388,"width":29,"name":"_TRASH/Symbol 2","y":451,"height":11},{"x":758,"width":54,"name":"_TRASH/Symbol 1","y":414,"height":11},{"x":476,"width":115,"name":"_TRASH/Symbol 9 copy 2","y":147,"height":90},{"x":88,"width":34,"name":"_TRASH/Symbol 10 copy 2","y":361,"height":34},{"x":799,"width":34,"name":"_TRASH/Symbol 11 copy 2","y":245,"height":36},{"x":271,"width":34,"name":"_DB/_ORIGINAL/_characters/_gumball/gumball_eyebrow2","y":438,"height":18},{"x":972,"width":38,"name":"_DB/_ORIGINAL/_characters/_gumball/gumball_eyebrow","y":437,"height":15},{"x":341,"width":32,"name":"__dbTextures/_DB/gumball_head/mouth_opt_121","y":455,"height":14},{"x":588,"width":32,"name":"__dbTextures/_DB/gumball_head/mouth_opt_124","y":455,"height":14},{"x":838,"width":32,"name":"__dbTextures/_DB/gumball_head/mouth_opt_125","y":450,"height":14},{"x":794,"width":32,"name":"__dbTextures/_DB/gumball_head/mouth_opt_126","y":457,"height":14},{"x":216,"width":32,"name":"__dbTextures/_DB/gumball_head/mouth_opt_127","y":452,"height":14},{"x":72,"width":32,"name":"__dbTextures/_DB/gumball_head/mouth_opt_129","y":455,"height":14},{"x":972,"width":32,"name":"__dbTextures/_DB/gumball_head/mouth_opt_130","y":454,"height":14},{"x":527,"width":32,"name":"__dbTextures/_DB/gumball_head/mouth_opt_131","y":456,"height":14},{"x":493,"width":32,"name":"__dbTextures/_DB/gumball_head/mouth_opt_132","y":451,"height":14},{"x":250,"width":32,"name":"__dbTextures/_DB/gumball_head/mouth_opt_137","y":458,"height":14},{"x":307,"width":32,"name":"__dbTextures/_DB/gumball_head/mouth_opt_138","y":451,"height":14},{"x":659,"width":32,"name":"__dbTextures/_DB/gumball_head/mouth_opt_139","y":454,"height":14},{"x":106,"width":32,"name":"__dbTextures/_DB/gumball_head/mouth_opt_140","y":458,"height":14},{"x":419,"width":32,"name":"__dbTextures/_DB/gumball_head/mouth_opt_142","y":454,"height":14},{"x":625,"width":32,"name":"__dbTextures/_DB/gumball_head/mouth_opt_143","y":451,"height":14},{"x":0,"width":32,"name":"__dbTextures/_DB/gumball_head/mouth_opt_144","y":456,"height":14},{"x":34,"width":32,"name":"__dbTextures/_DB/gumball_head/mouth_opt_145","y":456,"height":14},{"x":359,"width":115,"name":"_TRASH/Symbol 12 copy 2","y":147,"height":90},{"x":108,"width":34,"name":"__dbTextures/_DB/gumball_head/eye_r_high_148","y":438,"height":18},{"x":937,"width":15,"name":"_DB/_ORIGINAL/_characters/_misc/black_pupil","y":159,"height":15},{"x":667,"width":34,"name":"__dbTextures/_DB/gumball_head/eye_l_high_148","y":432,"height":20},{"x":815,"width":55,"name":"_TRASH/Symbol 13 copy 2","y":394,"height":17},{"x":758,"width":55,"name":"_TRASH/Symbol 14 copy 2","y":392,"height":20},{"x":0,"width":963,"name":"_TRASH/Symbol 29","y":8,"height":9},{"x":0,"width":966,"name":"_TRASH/Symbol 30","y":0,"height":6},{"x":811,"width":26,"name":"_DB/_ORIGINAL/_events/_rope/rope_knot","y":115,"height":70},{"x":999,"width":8,"name":"_DB/_ORIGINAL/_characters/_secondary/_anais/anais_arm_2","y":123,"height":27},{"x":945,"width":14,"name":"_DB/_ORIGINAL/_characters/_secondary/_anais/anais_arm_1","y":98,"height":22},{"x":945,"width":13,"name":"_DB/_ORIGINAL/_characters/_secondary/_anais/anais_leg_1","y":122,"height":22},{"x":235,"width":34,"name":"_DB/_ORIGINAL/_characters/_secondary/_anais/anais_body","y":424,"height":26},{"x":429,"width":64,"name":"_DB/_ORIGINAL/_characters/_secondary/_anais/anais_ear","y":310,"height":47},{"x":140,"width":70,"name":"_TRASH/Symbol 9 copy","y":467,"height":10},{"x":981,"width":40,"name":"_DB/_ORIGINAL/_characters/_secondary/_bobert/bobert_arm_flex","y":235,"height":44},{"x":261,"width":70,"name":"_DB/_ORIGINAL/_characters/_secondary/_bobert/bobert_arm_straight","y":352,"height":26},{"x":1001,"width":20,"name":"_DB/_ORIGINAL/_characters/_secondary/_bobert/bobert_leg_straight","y":42,"height":32},{"x":680,"width":28,"name":"_DB/_ORIGINAL/_characters/_secondary/_bobert/bobert_leg_flex","y":239,"height":28},{"x":937,"width":42,"name":"_DB/_ORIGINAL/_characters/_secondary/_bobert/bobert_body","y":218,"height":50},{"x":163,"width":70,"name":"_TRASH/Symbol 11 copy","y":419,"height":10},{"x":124,"width":37,"name":"_DB/_ORIGINAL/_characters/_darwin/darwin_arm_2","y":406,"height":30},{"x":517,"width":33,"name":"_DB/_ORIGINAL/_characters/_darwin/darwin_arm_1","y":421,"height":28},{"x":961,"width":36,"name":"_DB/_ORIGINAL/_characters/_darwin/darwin_leg_2","y":85,"height":65},{"x":968,"width":31,"name":"_DB/_ORIGINAL/_characters/_darwin/darwin_leg_1","y":0,"height":83},{"x":929,"width":70,"name":"_TRASH/Symbol 12 copy","y":413,"height":10},{"x":633,"width":32,"name":"_DB/_ORIGINAL/_characters/_gumball/gumball_arm_b1","y":419,"height":30},{"x":1001,"width":17,"name":"_DB/_ORIGINAL/_characters/_gumball/gumball_leg_1","y":76,"height":29},{"x":945,"width":14,"name":"_DB/_ORIGINAL/_characters/_gumball/gumball_leg_2","y":61,"height":35},{"x":444,"width":28,"name":"_DB/_ORIGINAL/_characters/_gumball/gumball_body_1","y":239,"height":45},{"x":929,"width":70,"name":"_TRASH/Symbol 8 copy","y":425,"height":10},{"x":356,"width":30,"name":"_DB/_ORIGINAL/_characters/_gumball/gumball_arm_f2","y":428,"height":25},{"x":677,"width":43,"name":"_DB/_ORIGINAL/_characters/_secondary/_tobias/tobias_arm_1","y":391,"height":39},{"x":276,"width":63,"name":"_DB/_ORIGINAL/_characters/_secondary/_tobias/tobias_arm_2","y":240,"height":36},{"x":986,"width":32,"name":"_DB/_ORIGINAL/_characters/_secondary/_tobias/tobias_leg_2","y":174,"height":59},{"x":954,"width":30,"name":"_DB/_ORIGINAL/_characters/_secondary/_tobias/tobias_leg_1","y":152,"height":64},{"x":900,"width":70,"name":"_TRASH/Symbol 13 copy","y":449,"height":10},{"x":144,"width":70,"name":"_TRASH/Symbol 25 copy 2","y":443,"height":10},{"x":163,"width":70,"name":"_TRASH/Symbol 24 copy 2","y":431,"height":10},{"x":872,"width":70,"name":"_TRASH/Symbol 22 copy 2","y":461,"height":10},{"x":144,"width":70,"name":"_TRASH/Symbol 23 copy 2","y":455,"height":10},{"x":595,"width":116,"name":"_TRASH/Symbol 15 copy 2","y":19,"height":126},{"x":924,"width":53,"name":"_TRASH/Symbol 16 copy 2","y":270,"height":32},{"x":193,"width":81,"name":"_TRASH/Symbol 17 copy 2","y":185,"height":97},{"x":477,"width":116,"name":"_TRASH/Symbol 18 copy 2","y":19,"height":126},{"x":276,"width":63,"name":"_TRASH/Symbol 19 copy 2","y":185,"height":53},{"x":359,"width":116,"name":"_TRASH/Symbol 20 copy 2","y":19,"height":126},{"x":193,"width":67,"name":"_TRASH/Symbol 21 copy 2","y":284,"height":45},{"x":193,"width":164,"name":"_DB/_ORIGINAL/_characters/_secondary/character_shadow","y":19,"height":164},{"x":828,"width":33,"name":"_DB/_ORIGINAL/_characters/_secondary/_banana/banana_arm_2","y":466,"height":7},{"x":999,"width":22,"name":"_DB/_ORIGINAL/_characters/_secondary/_banana/banana_arm_1","y":107,"height":14},{"x":839,"width":6,"name":"_DB/_ORIGINAL/_characters/_secondary/_banana/banana_leg_1","y":115,"height":15},{"x":945,"width":7,"name":"_DB/_ORIGINAL/_characters/_secondary/_banana/banana_leg_2","y":146,"height":11},{"x":1009,"width":12,"name":"_DB/_redPoint","y":143,"height":12},{"x":900,"width":70,"name":"_TRASH/Symbol 10 copy","y":437,"height":10}],"name":"TugGame"}