{"imagePath":"TugGame_tex.png","SubTexture":[{"x":937,"width":86,"name":"_TRASH/Symbol 36","y":216,"height":72},{"x":128,"width":63,"name":"_TRASH/Symbol 33","y":323,"height":35},{"x":676,"width":63,"name":"_TRASH/Symbol 34","y":318,"height":35},{"x":274,"width":63,"name":"_TRASH/Symbol 35","y":323,"height":35},{"x":533,"width":58,"name":"_TRASH/Symbol 31","y":333,"height":33},{"x":474,"width":58,"name":"_TRASH/Symbol 32","y":333,"height":33},{"x":473,"width":42,"name":"_DB/_ORIGINAL/_characters/_secondary/_anais/anais_pupils","y":410,"height":15},{"x":937,"width":21,"name":"_TRASH/Symbol 37","y":185,"height":7},{"x":679,"width":87,"name":"_TRASH/Symbol 38","y":244,"height":72},{"x":831,"width":63,"name":"_TRASH/Symbol 39","y":320,"height":35},{"x":767,"width":63,"name":"_TRASH/Symbol 41","y":290,"height":35},{"x":410,"width":63,"name":"_TRASH/Symbol 43","y":319,"height":35},{"x":0,"width":63,"name":"_TRASH/Symbol 45","y":323,"height":35},{"x":895,"width":58,"name":"_TRASH/Symbol 40","y":340,"height":33},{"x":498,"width":34,"name":"_TRASH/Symbol 46","y":428,"height":13},{"x":378,"width":34,"name":"_TRASH/Symbol 47","y":433,"height":13},{"x":663,"width":34,"name":"_TRASH/Symbol 48","y":429,"height":13},{"x":343,"width":34,"name":"_TRASH/Symbol 49","y":432,"height":13},{"x":908,"width":34,"name":"_TRASH/Symbol 50","y":430,"height":13},{"x":262,"width":34,"name":"_TRASH/Symbol 51","y":433,"height":13},{"x":70,"width":34,"name":"_TRASH/Symbol 52","y":429,"height":13},{"x":876,"width":32,"name":"_TRASH/Symbol 53","y":444,"height":9},{"x":227,"width":32,"name":"_TRASH/Symbol 54","y":444,"height":9},{"x":909,"width":32,"name":"_TRASH/Symbol 55","y":444,"height":9},{"x":463,"width":32,"name":"_TRASH/Symbol 56","y":445,"height":9},{"x":835,"width":87,"name":"_TRASH/Symbol 26 copy","y":246,"height":72},{"x":64,"width":63,"name":"__dbTextures/_DB/anais_head/Layer 16_208","y":323,"height":35},{"x":442,"width":31,"name":"__dbTextures/_DB/anais_head/Layer 14_208","y":267,"height":21},{"x":308,"width":47,"name":"__dbTextures/_DB/anais_head/Layer 13_208","y":413,"height":12},{"x":0,"width":191,"name":"_DB/_ORIGINAL/_characters/_secondary/_banana/banana_body.png","y":18,"height":303},{"x":839,"width":96,"name":"_DB/_ORIGINAL/_characters/_secondary/_banana/banana_face_1.png","y":148,"height":96},{"x":844,"width":96,"name":"_DB/_ORIGINAL/_characters/_secondary/_banana/banana_face_7.png","y":18,"height":128},{"x":710,"width":96,"name":"_DB/_ORIGINAL/_characters/_secondary/_banana/banana_face_9.png","y":114,"height":128},{"x":710,"width":132,"name":"_DB/_ORIGINAL/_characters/_secondary/_bobert/bobert_head_bg.png","y":18,"height":94},{"x":227,"width":42,"name":"__dbTextures/_DB/bobert_head/Layer 2_0","y":380,"height":42},{"x":473,"width":42,"name":"__dbTextures/_DB/bobert_head/Layer 2_2","y":367,"height":42},{"x":635,"width":42,"name":"__dbTextures/_DB/bobert_head/Layer 2_4","y":383,"height":42},{"x":830,"width":42,"name":"__dbTextures/_DB/bobert_head/Layer 2_6","y":356,"height":42},{"x":951,"width":42,"name":"__dbTextures/_DB/bobert_head/Layer 2_8","y":375,"height":42},{"x":739,"width":42,"name":"__dbTextures/_DB/bobert_head/Layer 2_10","y":363,"height":42},{"x":873,"width":42,"name":"__dbTextures/_DB/bobert_head/Layer 2_12","y":374,"height":42},{"x":121,"width":42,"name":"__dbTextures/_DB/bobert_head/Layer 2_14","y":359,"height":42},{"x":592,"width":42,"name":"__dbTextures/_DB/bobert_head/Layer 2_16","y":376,"height":42},{"x":516,"width":42,"name":"__dbTextures/_DB/bobert_head/Layer 2_18","y":367,"height":42},{"x":272,"width":42,"name":"__dbTextures/_DB/bobert_head/Layer 2_20","y":359,"height":42},{"x":395,"width":42,"name":"__dbTextures/_DB/bobert_head/Layer 2_22","y":355,"height":42},{"x":315,"width":42,"name":"__dbTextures/_DB/bobert_head/Layer 2_24","y":370,"height":42},{"x":0,"width":42,"name":"__dbTextures/_DB/bobert_head/Layer 2_26","y":359,"height":42},{"x":782,"width":42,"name":"__dbTextures/_DB/bobert_head/Layer 2_28","y":370,"height":42},{"x":43,"width":42,"name":"__dbTextures/_DB/bobert_head/Layer 2_30","y":359,"height":42},{"x":1000,"width":19,"name":"__dbTextures/_DB/bobert_head/Layer 2_32","y":0,"height":40},{"x":942,"width":19,"name":"__dbTextures/_DB/bobert_head/Layer 2_33","y":18,"height":40},{"x":475,"width":101,"name":"_TRASH/Symbol 7 copy","y":236,"height":69},{"x":957,"width":8,"name":"_TRASH/Symbol 6 copy","y":87,"height":18},{"x":740,"width":56,"name":"_TRASH/Symbol 26","y":326,"height":36},{"x":338,"width":56,"name":"_TRASH/Symbol 27","y":333,"height":36},{"x":619,"width":56,"name":"_TRASH/Symbol 28","y":306,"height":36},{"x":164,"width":54,"name":"_TRASH/Symbol 2 copy","y":385,"height":28},{"x":340,"width":15,"name":"_DB/_ORIGINAL/_characters/_secondary/black_pupil","y":184,"height":15},{"x":577,"width":101,"name":"_TRASH/Symbol 4 copy 2","y":236,"height":69},{"x":516,"width":37,"name":"_DB/_ORIGINAL/_characters/_darwin/darwin_head_high_mouth","y":410,"height":17},{"x":647,"width":56,"name":"_TRASH/Symbol 5 copy 2","y":354,"height":28},{"x":955,"width":7,"name":"_TRASH/Symbol 6 copy 2","y":142,"height":7},{"x":956,"width":7,"name":"_TRASH/Symbol 7 copy 2","y":134,"height":7},{"x":923,"width":83,"name":"_TRASH/Symbol 8 copy 2","y":290,"height":21},{"x":340,"width":101,"name":"_TRASH/Symbol 3 copy 2","y":236,"height":69},{"x":825,"width":47,"name":"_DB/_ORIGINAL/_characters/_darwin/darwin_head_optimal_mouth","y":399,"height":20},{"x":954,"width":57,"name":"_TRASH/Symbol 2 copy 2","y":340,"height":34},{"x":475,"width":115,"name":"_TRASH/Symbol 25","y":145,"height":90},{"x":704,"width":34,"name":"_TRASH/Symbol 10","y":354,"height":34},{"x":393,"width":34,"name":"_TRASH/Symbol 20","y":398,"height":34},{"x":0,"width":34,"name":"_TRASH/Symbol 22","y":402,"height":34},{"x":121,"width":34,"name":"_TRASH/Symbol 23","y":402,"height":34},{"x":438,"width":34,"name":"_TRASH/Symbol 24","y":390,"height":34},{"x":308,"width":34,"name":"_TRASH/Symbol 18","y":426,"height":20},{"x":428,"width":34,"name":"_TRASH/Symbol 19","y":425,"height":20},{"x":227,"width":34,"name":"_TRASH/Symbol 21","y":423,"height":20},{"x":35,"width":34,"name":"_TRASH/Symbol 9","y":402,"height":34},{"x":86,"width":34,"name":"_TRASH/Symbol 13","y":394,"height":34},{"x":916,"width":34,"name":"_TRASH/Symbol 15","y":374,"height":34},{"x":358,"width":34,"name":"_TRASH/Symbol 16","y":370,"height":34},{"x":438,"width":34,"name":"_TRASH/Symbol 17","y":355,"height":34},{"x":554,"width":34,"name":"_TRASH/Symbol 11","y":412,"height":21},{"x":778,"width":34,"name":"_TRASH/Symbol 12","y":413,"height":21},{"x":873,"width":34,"name":"_TRASH/Symbol 14","y":417,"height":21},{"x":338,"width":71,"name":"_TRASH/Symbol 14 copy","y":306,"height":26},{"x":475,"width":71,"name":"_TRASH/Symbol 15 copy","y":306,"height":26},{"x":547,"width":71,"name":"_TRASH/Symbol 16 copy","y":306,"height":26},{"x":993,"width":29,"name":"_TRASH/Symbol 2","y":182,"height":11},{"x":722,"width":54,"name":"_TRASH/Symbol 1","y":427,"height":11},{"x":359,"width":115,"name":"_TRASH/Symbol 9 copy 2","y":145,"height":90},{"x":86,"width":34,"name":"_TRASH/Symbol 10 copy 2","y":359,"height":34},{"x":192,"width":34,"name":"_TRASH/Symbol 11 copy 2","y":348,"height":36},{"x":463,"width":34,"name":"_DB/_ORIGINAL/_characters/_gumball/gumball_eyebrow2","y":426,"height":18},{"x":589,"width":38,"name":"_DB/_ORIGINAL/_characters/_gumball/gumball_eyebrow","y":419,"height":15},{"x":442,"width":32,"name":"__dbTextures/_DB/gumball_head/mouth_opt_121","y":304,"height":14},{"x":0,"width":32,"name":"__dbTextures/_DB/gumball_head/mouth_opt_124","y":437,"height":14},{"x":533,"width":32,"name":"__dbTextures/_DB/gumball_head/mouth_opt_125","y":434,"height":14},{"x":66,"width":32,"name":"__dbTextures/_DB/gumball_head/mouth_opt_126","y":443,"height":14},{"x":105,"width":32,"name":"__dbTextures/_DB/gumball_head/mouth_opt_127","y":437,"height":14},{"x":498,"width":32,"name":"__dbTextures/_DB/gumball_head/mouth_opt_129","y":442,"height":14},{"x":559,"width":32,"name":"__dbTextures/_DB/gumball_head/mouth_opt_130","y":367,"height":14},{"x":797,"width":32,"name":"__dbTextures/_DB/gumball_head/mouth_opt_131","y":355,"height":14},{"x":559,"width":32,"name":"__dbTextures/_DB/gumball_head/mouth_opt_132","y":382,"height":14},{"x":559,"width":32,"name":"__dbTextures/_DB/gumball_head/mouth_opt_137","y":397,"height":14},{"x":810,"width":32,"name":"__dbTextures/_DB/gumball_head/mouth_opt_138","y":438,"height":14},{"x":566,"width":32,"name":"__dbTextures/_DB/gumball_head/mouth_opt_139","y":435,"height":14},{"x":663,"width":32,"name":"__dbTextures/_DB/gumball_head/mouth_opt_140","y":443,"height":14},{"x":777,"width":32,"name":"__dbTextures/_DB/gumball_head/mouth_opt_142","y":435,"height":14},{"x":442,"width":32,"name":"__dbTextures/_DB/gumball_head/mouth_opt_143","y":289,"height":14},{"x":843,"width":32,"name":"__dbTextures/_DB/gumball_head/mouth_opt_144","y":439,"height":14},{"x":33,"width":32,"name":"__dbTextures/_DB/gumball_head/mouth_opt_145","y":437,"height":14},{"x":591,"width":115,"name":"_TRASH/Symbol 12 copy 2","y":145,"height":90},{"x":628,"width":34,"name":"__dbTextures/_DB/gumball_head/eye_r_high_148","y":426,"height":18},{"x":937,"width":15,"name":"_DB/_ORIGINAL/_characters/_misc/black_pupil","y":169,"height":15},{"x":916,"width":34,"name":"__dbTextures/_DB/gumball_head/eye_l_high_148","y":409,"height":20},{"x":813,"width":55,"name":"_TRASH/Symbol 13 copy 2","y":420,"height":17},{"x":722,"width":55,"name":"_TRASH/Symbol 14 copy 2","y":406,"height":20},{"x":0,"width":963,"name":"_TRASH/Symbol 29","y":8,"height":9},{"x":0,"width":966,"name":"_TRASH/Symbol 30","y":0,"height":6},{"x":966,"width":26,"name":"_DB/_ORIGINAL/_events/_rope/rope_knot","y":84,"height":70},{"x":193,"width":164,"name":"_DB/_ORIGINAL/_characters/_secondary/character_shadow","y":18,"height":164},{"x":957,"width":8,"name":"_DB/_ORIGINAL/_characters/_secondary/_anais/anais_arm_2","y":59,"height":27},{"x":942,"width":14,"name":"_DB/_ORIGINAL/_characters/_secondary/_anais/anais_arm_1","y":95,"height":22},{"x":942,"width":13,"name":"_DB/_ORIGINAL/_characters/_secondary/_anais/anais_leg_1","y":118,"height":22},{"x":358,"width":34,"name":"_DB/_ORIGINAL/_characters/_secondary/_anais/anais_body","y":405,"height":26},{"x":275,"width":64,"name":"_DB/_ORIGINAL/_characters/_secondary/_anais/anais_ear","y":238,"height":47},{"x":942,"width":12,"name":"_DB/_redPoint","y":141,"height":12},{"x":943,"width":70,"name":"_TRASH/Symbol 9 copy","y":440,"height":10},{"x":599,"width":33,"name":"_DB/_ORIGINAL/_characters/_secondary/_banana/banana_arm_2","y":445,"height":7},{"x":937,"width":22,"name":"_DB/_ORIGINAL/_characters/_secondary/_banana/banana_arm_1","y":154,"height":14},{"x":957,"width":6,"name":"_DB/_ORIGINAL/_characters/_secondary/_banana/banana_leg_1","y":106,"height":15},{"x":956,"width":7,"name":"_DB/_ORIGINAL/_characters/_secondary/_banana/banana_leg_2","y":122,"height":11},{"x":698,"width":70,"name":"_TRASH/Symbol 10 copy","y":439,"height":10},{"x":230,"width":40,"name":"_DB/_ORIGINAL/_characters/_secondary/_bobert/bobert_arm_flex","y":334,"height":44},{"x":923,"width":70,"name":"_DB/_ORIGINAL/_characters/_secondary/_bobert/bobert_arm_straight","y":312,"height":26},{"x":1000,"width":20,"name":"_DB/_ORIGINAL/_characters/_secondary/_bobert/bobert_leg_straight","y":41,"height":32},{"x":994,"width":28,"name":"_DB/_ORIGINAL/_characters/_secondary/_bobert/bobert_leg_flex","y":152,"height":28},{"x":230,"width":42,"name":"_DB/_ORIGINAL/_characters/_secondary/_bobert/bobert_body","y":282,"height":50},{"x":260,"width":70,"name":"_TRASH/Symbol 11 copy","y":447,"height":10},{"x":270,"width":37,"name":"_DB/_ORIGINAL/_characters/_darwin/darwin_arm_2","y":402,"height":30},{"x":797,"width":33,"name":"_DB/_ORIGINAL/_characters/_darwin/darwin_arm_1","y":326,"height":28},{"x":193,"width":36,"name":"_DB/_ORIGINAL/_characters/_darwin/darwin_leg_2","y":282,"height":65},{"x":968,"width":31,"name":"_DB/_ORIGINAL/_characters/_darwin/darwin_leg_1","y":0,"height":83},{"x":156,"width":70,"name":"_TRASH/Symbol 12 copy","y":414,"height":10},{"x":442,"width":32,"name":"_DB/_ORIGINAL/_characters/_gumball/gumball_arm_b1","y":236,"height":30},{"x":1000,"width":17,"name":"_DB/_ORIGINAL/_characters/_gumball/gumball_leg_1","y":75,"height":29},{"x":942,"width":14,"name":"_DB/_ORIGINAL/_characters/_gumball/gumball_leg_2","y":59,"height":35},{"x":994,"width":28,"name":"_DB/_ORIGINAL/_characters/_gumball/gumball_body_1","y":105,"height":45},{"x":951,"width":70,"name":"_TRASH/Symbol 8 copy","y":429,"height":10},{"x":808,"width":30,"name":"_DB/_ORIGINAL/_characters/_gumball/gumball_arm_f2","y":179,"height":25},{"x":678,"width":43,"name":"_DB/_ORIGINAL/_characters/_secondary/_tobias/tobias_arm_1","y":389,"height":39},{"x":274,"width":63,"name":"_DB/_ORIGINAL/_characters/_secondary/_tobias/tobias_arm_2","y":286,"height":36},{"x":960,"width":32,"name":"_DB/_ORIGINAL/_characters/_secondary/_tobias/tobias_leg_2","y":156,"height":59},{"x":808,"width":30,"name":"_DB/_ORIGINAL/_characters/_secondary/_tobias/tobias_leg_1","y":114,"height":64},{"x":156,"width":70,"name":"_TRASH/Symbol 13 copy","y":425,"height":10},{"x":156,"width":70,"name":"_TRASH/Symbol 25 copy 2","y":436,"height":10},{"x":331,"width":70,"name":"_TRASH/Symbol 24 copy 2","y":447,"height":10},{"x":951,"width":70,"name":"_TRASH/Symbol 22 copy 2","y":418,"height":10},{"x":138,"width":70,"name":"_TRASH/Symbol 23 copy 2","y":447,"height":10},{"x":476,"width":116,"name":"_TRASH/Symbol 15 copy 2","y":18,"height":126},{"x":592,"width":53,"name":"_TRASH/Symbol 16 copy 2","y":343,"height":32},{"x":193,"width":81,"name":"_TRASH/Symbol 17 copy 2","y":184,"height":97},{"x":593,"width":116,"name":"_TRASH/Symbol 18 copy 2","y":18,"height":126},{"x":275,"width":63,"name":"_TRASH/Symbol 19 copy 2","y":184,"height":53},{"x":359,"width":116,"name":"_TRASH/Symbol 20 copy 2","y":18,"height":126},{"x":767,"width":67,"name":"_TRASH/Symbol 21 copy 2","y":244,"height":45}],"name":"TugGame"}