{"imagePath":"finish_level_tex.png","SubTexture":[{"x":1685,"width":207,"name":"gameover/new_db_rainbow_small","y":161,"height":207},{"x":0,"width":773,"name":"gameover/new_db_rainbow_big","y":0,"height":773},{"x":774,"width":612,"name":"snow_for_cannon","y":526,"height":40},{"x":774,"width":628,"name":"congratGameLable","y":0,"height":160},{"x":1403,"width":628,"name":"BadLuckGameLable","y":0,"height":160},{"x":1358,"width":34,"name":"gameover/streamer_cannons/gfx.streamer_cannon","y":161,"height":56},{"x":1393,"width":290,"name":"gold_medal","y":161,"height":364},{"x":1066,"width":290,"name":"silver_medal","y":161,"height":364},{"x":774,"width":290,"name":"bronze_medal","y":161,"height":364}],"name":"finish_level"}