{"imagePath":"bigfoot_step_tex.png","SubTexture":[{"x":753,"width":751,"name":"mc/all levels/intro1Img","y":0,"height":554},{"x":0,"width":751,"name":"mc/all levels/intro2Img","y":556,"height":554},{"x":0,"width":751,"name":"mc/all levels/intro3Img","y":0,"height":554},{"x":1860,"width":141,"name":"mc/all levels/hectoer foor 02","y":347,"height":75},{"x":1720,"width":139,"name":"mc/all levels/hector foot01","y":274,"height":81},{"x":1723,"width":140,"name":"mc/all levels/Hector leg01","y":0,"height":273},{"x":1506,"width":216,"name":"mc/all levels/hector leg02","y":0,"height":198},{"x":1864,"width":111,"name":"arm_bigfoot","y":0,"height":232},{"x":1506,"width":101,"name":"snowpath1","y":301,"height":93},{"x":1864,"width":107,"name":"snowpath2","y":233,"height":95},{"x":1506,"width":119,"name":"snowpath3","y":199,"height":101},{"x":1736,"width":229,"name":"spray_1","y":423,"height":166},{"x":980,"width":226,"name":"spray_2","y":556,"height":164},{"x":1207,"width":225,"name":"spray_3","y":556,"height":163},{"x":1506,"width":229,"name":"spray_5","y":406,"height":166},{"x":753,"width":226,"name":"spray_4","y":556,"height":164},{"x":1973,"width":18,"name":"z_elements/FlashAICB Assets/Tween 14","y":295,"height":18},{"x":1608,"width":18,"name":"z_elements/FlashAICB Assets/Tween 15","y":301,"height":18},{"x":1973,"width":19,"name":"z_elements/FlashAICB Assets/Tween 16","y":275,"height":19},{"x":2005,"width":25,"name":"z_elements/FlashAICB Assets/Tween 17","y":253,"height":24},{"x":2026,"width":20,"name":"z_elements/FlashAICB Assets/Tween 23","y":138,"height":18},{"x":2026,"width":20,"name":"z_elements/FlashAICB Assets/Tween 24","y":176,"height":18},{"x":2026,"width":20,"name":"z_elements/FlashAICB Assets/Tween 25","y":119,"height":18},{"x":2026,"width":20,"name":"z_elements/FlashAICB Assets/Tween 26","y":157,"height":18},{"x":2036,"width":7,"name":"snow_part_1","y":60,"height":9},{"x":2036,"width":7,"name":"snow_part_2","y":70,"height":9},{"x":2013,"width":12,"name":"snow_part_3","y":170,"height":9},{"x":1976,"width":49,"name":"snow_part_4","y":119,"height":50},{"x":1976,"width":59,"name":"snow_part_5","y":60,"height":58},{"x":1976,"width":69,"name":"snow_part_6","y":0,"height":59},{"x":1627,"width":74,"name":"snow_part_7","y":296,"height":24},{"x":1992,"width":46,"name":"snow_part_8","y":304,"height":20},{"x":1973,"width":44,"name":"snow_part_9","y":325,"height":21},{"x":1973,"width":25,"name":"snow_part_10","y":256,"height":18},{"x":1976,"width":35,"name":"snow_part_11","y":170,"height":35},{"x":1976,"width":32,"name":"snow_part_12","y":206,"height":24},{"x":1993,"width":43,"name":"snow_part_13","y":278,"height":25},{"x":1627,"width":92,"name":"snow_part_14","y":199,"height":95},{"x":1608,"width":107,"name":"snow_part_15","y":322,"height":83},{"x":2009,"width":37,"name":"snow_part_16","y":226,"height":26},{"x":2013,"width":31,"name":"snow_part_17","y":195,"height":30},{"x":1976,"width":27,"name":"snow_part_18","y":231,"height":24},{"x":2018,"width":20,"name":"snow_part_19","y":325,"height":12}],"name":"bigfoot_step"}