{"version":"3.0","isGlobal":0,"armature":[{"animation":[{"scale":1.6,"autoTween":0,"name":"idle","duration":122,"frame":[{"duration":1},{"event":"step","duration":22},{"event":"step","duration":11},{"event":"step","duration":10},{"event":"step","duration":12},{"event":"step","duration":9},{"event":"step","duration":14},{"event":"step","duration":43}],"timeline":[{"name":"Layer 10","frame":[{"transform":{},"z":0,"duration":1},{"transform":{"x":0.2,"y":-0.8},"z":0,"duration":1},{"transform":{"x":-6.8,"y":13.2},"z":0,"duration":1},{"transform":{"x":-7.8,"y":7.2},"z":0,"duration":1},{"transform":{"x":-3.8,"y":15.2},"z":0,"duration":1},{"transform":{"x":-6.8,"y":13.2},"z":0,"duration":18},{"transform":{"x":-0.8,"y":5.2},"z":0,"duration":1},{"transform":{"x":-3.8,"y":23.2},"z":0,"duration":1},{"transform":{"x":-8.8,"y":11.2},"z":0,"duration":1},{"transform":{"x":-6.8,"y":13.2},"z":0,"duration":8},{"transform":{"x":-6.8,"y":17.2},"z":0,"duration":1},{"transform":{"x":-4.8,"y":13.2},"z":0,"duration":1},{"transform":{"x":-6.8,"y":10.2},"z":0,"duration":1},{"transform":{"x":-6.8,"y":14.2},"z":0,"duration":1},{"transform":{"x":-6.8,"y":13.2},"z":0,"duration":6},{"transform":{"x":-6.8,"y":23.2},"z":0,"duration":1},{"transform":{"x":-4.8,"y":11.2},"z":0,"duration":1},{"transform":{"x":-8.8,"y":13.2},"z":0,"duration":1},{"transform":{"x":-6.8,"y":15.2},"z":0,"duration":1},{"transform":{"x":-6.8,"y":13.2},"z":0,"duration":1},{"transform":{"x":-6.8,"y":13.2},"z":0,"duration":7},{"transform":{"x":-6.8,"y":23.2},"z":0,"duration":1},{"transform":{"x":-3.8,"y":10.2},"z":0,"duration":1},{"transform":{"x":-6.8,"y":15.2},"z":0,"duration":1},{"transform":{"x":-6.8,"y":13.2},"z":0,"duration":6},{"transform":{"x":1.2,"y":-14.8},"z":0,"duration":1},{"transform":{"x":4.2,"y":1.2},"z":0,"duration":1},{"transform":{"x":-3.8,"y":-7.8},"z":0,"duration":1},{"transform":{"x":1.2,"y":-2.8},"z":0,"duration":1},{"transform":{"x":0.2,"y":-5.8},"z":0,"duration":1},{"transform":{"x":2.2,"y":-1.8},"z":0,"duration":1},{"transform":{"x":-6.8,"y":13.2},"z":0,"duration":8},{"transform":{"x":3.2,"y":-8.8},"z":0,"duration":1},{"transform":{"x":3.2,"y":-3.8},"z":0,"duration":1},{"transform":{"x":4.2,"y":-3.8},"z":0,"duration":1},{"transform":{"x":-6.8,"y":13.2},"z":0,"duration":40}]}],"tweenEasing":null}],"skin":[{"name":"default","slot":[{"z":0,"name":"Layer 10","display":[{"transform":{"x":811.05,"y":3.95},"name":"mc/all levels/Hector movie 01","type":"armature"}],"parent":"Layer 10"}]}],"name":"mc/all levels/Hector movie 01 with shake","bone":[{"transform":{"x":-799.05,"y":-11.95},"name":"Layer 10"}]},{"animation":[{"scale":1.6,"name":"idle","duration":121,"autoTween":0,"timeline":[{"name":"Layer 2","frame":[{"transform":{},"z":0,"duration":100},{"transform":{"y":-539},"duration":21,"z":0,"colorTransform":{"gM":100,"bO":0,"aO":0,"bM":100,"aM":0,"rO":0,"rM":100,"gO":0}}]},{"name":"Layer 10","frame":[{"transform":{},"duration":28,"z":0,"tweenEasing":0},{"transform":{"x":424,"scY":1.0078,"y":2.65,"scX":1.0078},"duration":8,"z":0,"tweenEasing":0},{"transform":{"x":630.15,"scY":1.0099,"y":-5.5,"pX":0.1,"scX":1.0099},"duration":6,"z":0,"tweenEasing":0},{"transform":{"x":728.5,"scY":1.0115,"y":16.8,"pY":0.15,"pX":0.1,"scX":1.0115},"duration":12,"z":0,"tweenEasing":0},{"transform":{"x":956.1,"scY":1.0146,"y":4.3,"pY":0.1,"pX":0.15,"scX":1.0146},"duration":17,"z":0,"tweenEasing":0},{"transform":{"x":1127.55,"scY":1.018,"y":13.75,"pY":0.05,"pX":0.15,"scX":1.018},"duration":18,"z":0,"tweenEasing":0},{"transform":{"x":1441.6,"scY":1.0217,"y":-29.4,"pY":0.05,"pX":0.25,"scX":1.0217},"duration":10,"z":0,"tweenEasing":0},{"transform":{"x":2037.45,"scY":1.836,"y":-467.6,"pY":0.1,"pX":0.1,"scX":1.836},"duration":21,"z":0,"tweenEasing":0},{"transform":{"x":1983.65,"scY":0.5127,"y":-13.9,"pY":-0.1,"pX":0.05,"scX":0.5127},"duration":1,"z":0,"colorTransform":{"gM":100,"bO":0,"aO":0,"bM":100,"aM":0,"rO":0,"rM":100,"gO":0}}]}],"tweenEasing":null}],"skin":[{"name":"default","slot":[{"z":0,"name":"Layer 2","display":[{"transform":{"x":-375.5,"y":-746},"name":"mc/all levels/intro1Img","type":"image"}],"parent":"Layer 2"},{"z":1,"name":"Layer 10","display":[{"transform":{"x":-120.5,"y":228.75},"name":"mc/all levels/hector LEGS animation","type":"armature"}],"parent":"Layer 10"}]}],"name":"mc/all levels/Hector movie 01","bone":[{"transform":{"x":-5.6,"y":528},"name":"Layer 2"},{"transform":{"x":-737.85,"scY":1.008,"y":-365,"scX":-1.008},"name":"Layer 10"}]},{"animation":[{"scale":1.6,"autoTween":0,"name":"idle","duration":122,"frame":[{"duration":1},{"event":"step","duration":22},{"event":"step","duration":11},{"event":"step","duration":10},{"event":"step","duration":12},{"event":"step","duration":9},{"event":"step","duration":14},{"event":"step","duration":43}],"timeline":[{"name":"Layer 10","frame":[{"transform":{},"z":0,"duration":1},{"transform":{"x":0.2,"y":-0.8},"z":0,"duration":1},{"transform":{"x":-6.8,"y":13.2},"z":0,"duration":1},{"transform":{"x":-7.8,"y":7.2},"z":0,"duration":1},{"transform":{"x":-3.8,"y":15.2},"z":0,"duration":1},{"transform":{"x":-6.8,"y":13.2},"z":0,"duration":18},{"transform":{"x":-0.8,"y":5.2},"z":0,"duration":1},{"transform":{"x":-3.8,"y":23.2},"z":0,"duration":1},{"transform":{"x":-8.8,"y":11.2},"z":0,"duration":1},{"transform":{"x":-6.8,"y":13.2},"z":0,"duration":8},{"transform":{"x":-6.8,"y":17.2},"z":0,"duration":1},{"transform":{"x":-4.8,"y":13.2},"z":0,"duration":1},{"transform":{"x":-6.8,"y":10.2},"z":0,"duration":1},{"transform":{"x":-6.8,"y":14.2},"z":0,"duration":1},{"transform":{"x":-6.8,"y":13.2},"z":0,"duration":6},{"transform":{"x":-6.8,"y":23.2},"z":0,"duration":1},{"transform":{"x":-4.8,"y":11.2},"z":0,"duration":1},{"transform":{"x":-8.8,"y":13.2},"z":0,"duration":1},{"transform":{"x":-6.8,"y":15.2},"z":0,"duration":1},{"transform":{"x":-6.8,"y":13.2},"z":0,"duration":1},{"transform":{"x":-6.8,"y":13.2},"z":0,"duration":7},{"transform":{"x":-6.8,"y":23.2},"z":0,"duration":1},{"transform":{"x":-3.8,"y":10.2},"z":0,"duration":1},{"transform":{"x":-6.8,"y":15.2},"z":0,"duration":1},{"transform":{"x":-6.8,"y":13.2},"z":0,"duration":6},{"transform":{"x":1.2,"y":-14.8},"z":0,"duration":1},{"transform":{"x":4.2,"y":1.2},"z":0,"duration":1},{"transform":{"x":-3.8,"y":-7.8},"z":0,"duration":1},{"transform":{"x":1.2,"y":-2.8},"z":0,"duration":1},{"transform":{"x":0.2,"y":-5.8},"z":0,"duration":1},{"transform":{"x":2.2,"y":-1.8},"z":0,"duration":1},{"transform":{"x":-6.8,"y":13.2},"z":0,"duration":8},{"transform":{"x":3.2,"y":-8.8},"z":0,"duration":1},{"transform":{"x":3.2,"y":-3.8},"z":0,"duration":1},{"transform":{"x":4.2,"y":-3.8},"z":0,"duration":1},{"transform":{"x":-6.8,"y":13.2},"z":0,"duration":40}]}],"tweenEasing":null}],"skin":[{"name":"default","slot":[{"z":0,"name":"Layer 10","display":[{"transform":{"x":811.05,"y":3.95},"name":"mc/all levels/Hector movie 02","type":"armature"}],"parent":"Layer 10"}]}],"name":"mc/all levels/Hector movie 02 with shake","bone":[{"transform":{"x":-799.05,"y":-11.95},"name":"Layer 10"}]},{"animation":[{"scale":1.6,"name":"idle","duration":121,"autoTween":0,"timeline":[{"name":"Layer 11","frame":[{"transform":{},"z":0,"duration":99},{"transform":{"scY":0.9814,"y":0.25,"pY":-0.05,"scX":0.9813},"duration":22,"z":0,"colorTransform":{"gM":100,"bO":0,"aO":0,"bM":100,"aM":0,"rO":0,"rM":100,"gO":0}}]},{"name":"Layer 10","frame":[{"transform":{},"duration":28,"z":0,"tweenEasing":0},{"transform":{"x":424,"scY":1.0078,"y":2.65,"scX":1.0078},"duration":8,"z":0,"tweenEasing":0},{"transform":{"x":630.15,"scY":1.0099,"y":-5.5,"pX":0.1,"scX":1.0099},"duration":6,"z":0,"tweenEasing":0},{"transform":{"x":728.5,"scY":1.0115,"y":16.8,"pY":0.15,"pX":0.1,"scX":1.0115},"duration":12,"z":0,"tweenEasing":0},{"transform":{"x":956.1,"scY":1.0146,"y":4.3,"pY":0.1,"pX":0.15,"scX":1.0146},"duration":17,"z":0,"tweenEasing":0},{"transform":{"x":1127.55,"scY":1.018,"y":13.75,"pY":0.05,"pX":0.15,"scX":1.018},"duration":18,"z":0,"tweenEasing":0},{"transform":{"x":1441.6,"scY":1.0217,"y":-29.4,"pY":0.05,"pX":0.25,"scX":1.0217},"duration":10,"z":0,"tweenEasing":0},{"transform":{"x":2037.45,"scY":1.836,"y":-467.6,"pY":0.1,"pX":0.1,"scX":1.836},"duration":21,"z":0,"tweenEasing":0},{"transform":{"x":1983.65,"scY":0.5127,"y":-13.9,"pY":-0.1,"pX":0.05,"scX":0.5127},"duration":1,"z":0,"colorTransform":{"gM":100,"bO":0,"aO":0,"bM":100,"aM":0,"rO":0,"rM":100,"gO":0}}]}],"tweenEasing":null}],"skin":[{"name":"default","slot":[{"z":0,"name":"Layer 11","display":[{"transform":{"x":-0.5,"y":10.75},"name":"mc/all levels/intro2Img","type":"image"}],"parent":"Layer 11"},{"z":1,"name":"Layer 10","display":[{"transform":{"x":-120.5,"y":228.75},"name":"mc/all levels/hector LEGS animation","type":"armature"}],"parent":"Layer 10"}]}],"name":"mc/all levels/Hector movie 02","bone":[{"transform":{"x":-380.6,"y":-228.75},"name":"Layer 11"},{"transform":{"x":-737.85,"scY":1.008,"y":-365,"scX":-1.008},"name":"Layer 10"}]},{"animation":[{"scale":1.6,"autoTween":0,"name":"idle","duration":122,"frame":[{"duration":1},{"event":"step","duration":22},{"event":"step","duration":11},{"event":"step","duration":10},{"event":"step","duration":12},{"event":"step","duration":9},{"event":"step","duration":14},{"event":"step","duration":43}],"timeline":[{"name":"Layer 10","frame":[{"transform":{},"z":0,"duration":1},{"transform":{"x":0.2,"y":-0.8},"z":0,"duration":1},{"transform":{"x":-6.8,"y":13.2},"z":0,"duration":1},{"transform":{"x":-7.8,"y":7.2},"z":0,"duration":1},{"transform":{"x":-3.8,"y":15.2},"z":0,"duration":1},{"transform":{"x":-6.8,"y":13.2},"z":0,"duration":18},{"transform":{"x":-0.8,"y":5.2},"z":0,"duration":1},{"transform":{"x":-3.8,"y":23.2},"z":0,"duration":1},{"transform":{"x":-8.8,"y":11.2},"z":0,"duration":1},{"transform":{"x":-6.8,"y":13.2},"z":0,"duration":8},{"transform":{"x":-6.8,"y":17.2},"z":0,"duration":1},{"transform":{"x":-4.8,"y":13.2},"z":0,"duration":1},{"transform":{"x":-6.8,"y":10.2},"z":0,"duration":1},{"transform":{"x":-6.8,"y":14.2},"z":0,"duration":1},{"transform":{"x":-6.8,"y":13.2},"z":0,"duration":6},{"transform":{"x":-6.8,"y":23.2},"z":0,"duration":1},{"transform":{"x":-4.8,"y":11.2},"z":0,"duration":1},{"transform":{"x":-8.8,"y":13.2},"z":0,"duration":1},{"transform":{"x":-6.8,"y":15.2},"z":0,"duration":1},{"transform":{"x":-6.8,"y":13.2},"z":0,"duration":1},{"transform":{"x":-6.8,"y":13.2},"z":0,"duration":7},{"transform":{"x":-6.8,"y":23.2},"z":0,"duration":1},{"transform":{"x":-3.8,"y":10.2},"z":0,"duration":1},{"transform":{"x":-6.8,"y":15.2},"z":0,"duration":1},{"transform":{"x":-6.8,"y":13.2},"z":0,"duration":6},{"transform":{"x":1.2,"y":-14.8},"z":0,"duration":1},{"transform":{"x":4.2,"y":1.2},"z":0,"duration":1},{"transform":{"x":-3.8,"y":-7.8},"z":0,"duration":1},{"transform":{"x":1.2,"y":-2.8},"z":0,"duration":1},{"transform":{"x":0.2,"y":-5.8},"z":0,"duration":1},{"transform":{"x":2.2,"y":-1.8},"z":0,"duration":1},{"transform":{"x":-6.8,"y":13.2},"z":0,"duration":8},{"transform":{"x":3.2,"y":-8.8},"z":0,"duration":1},{"transform":{"x":3.2,"y":-3.8},"z":0,"duration":1},{"transform":{"x":4.2,"y":-3.8},"z":0,"duration":1},{"transform":{"x":-6.8,"y":13.2},"z":0,"duration":40}]}],"tweenEasing":null}],"skin":[{"name":"default","slot":[{"z":0,"name":"Layer 10","display":[{"transform":{"x":811.05,"y":3.95},"name":"mc/all levels/Hector movie 03","type":"armature"}],"parent":"Layer 10"}]}],"name":"mc/all levels/Hector movie 03 with shake","bone":[{"transform":{"x":-799.05,"y":-11.95},"name":"Layer 10"}]},{"animation":[{"scale":1.6,"name":"idle","duration":121,"autoTween":0,"timeline":[{"name":"Layer 11","frame":[{"transform":{},"z":0,"duration":100},{"transform":{"scY":1.0161,"pY":-0.1,"pX":-0.05,"scX":1.0161},"duration":21,"z":0,"colorTransform":{"gM":100,"bO":0,"aO":0,"bM":100,"aM":0,"rO":0,"rM":100,"gO":0}}]},{"name":"Layer 10","frame":[{"transform":{},"duration":28,"z":0,"tweenEasing":0},{"transform":{"x":424,"scY":1.0078,"y":2.65,"scX":1.0078},"duration":8,"z":0,"tweenEasing":0},{"transform":{"x":630.15,"scY":1.0099,"y":-5.5,"pX":0.1,"scX":1.0099},"duration":6,"z":0,"tweenEasing":0},{"transform":{"x":728.5,"scY":1.0115,"y":16.8,"pY":0.15,"pX":0.1,"scX":1.0115},"duration":12,"z":0,"tweenEasing":0},{"transform":{"x":956.1,"scY":1.0146,"y":4.3,"pY":0.1,"pX":0.15,"scX":1.0146},"duration":17,"z":0,"tweenEasing":0},{"transform":{"x":1127.55,"scY":1.018,"y":13.75,"pY":0.05,"pX":0.15,"scX":1.018},"duration":18,"z":0,"tweenEasing":0},{"transform":{"x":1441.6,"scY":1.0217,"y":-29.4,"pY":0.05,"pX":0.25,"scX":1.0217},"duration":10,"z":0,"tweenEasing":0},{"transform":{"x":2037.45,"scY":1.836,"y":-467.6,"pY":0.1,"pX":0.1,"scX":1.836},"duration":21,"z":0,"tweenEasing":0},{"transform":{"x":1983.65,"scY":0.5127,"y":-13.9,"pY":-0.1,"pX":0.05,"scX":0.5127},"duration":1,"z":0,"colorTransform":{"gM":100,"bO":0,"aO":0,"bM":100,"aM":0,"rO":0,"rM":100,"gO":0}}]}],"tweenEasing":null}],"skin":[{"name":"default","slot":[{"z":0,"name":"Layer 11","display":[{"transform":{"x":-0.4,"y":10.85},"name":"mc/all levels/intro3Img","type":"image"}],"parent":"Layer 11"},{"z":1,"name":"Layer 10","display":[{"transform":{"x":-120.5,"y":228.75},"name":"mc/all levels/hector LEGS animation","type":"armature"}],"parent":"Layer 10"}]}],"name":"mc/all levels/Hector movie 03","bone":[{"transform":{"x":-380.6,"y":-228.9},"name":"Layer 11"},{"transform":{"x":-737.85,"scY":1.008,"y":-365,"scX":-1.008},"name":"Layer 10"}]},{"animation":[{"scale":1.6,"name":"idle","loop":0,"duration":107,"autoTween":0,"timeline":[{"name":"Layer 1","frame":[{"transform":{},"z":0,"duration":107}]},{"name":"Layer 2","frame":[{"transform":{},"z":0,"duration":107}]},{"name":"Layer 3","frame":[{"transform":{},"duration":13,"z":0,"tweenEasing":0},{"transform":{"x":0.4,"skX":2.49,"y":-12.7,"skY":2.49,"pY":-0.05,"pX":-0.05},"duration":13,"z":0,"tweenEasing":0},{"transform":{},"duration":12,"z":0,"tweenEasing":0},{"transform":{"x":0.45,"skX":2.49,"y":-12.8,"skY":2.49,"pX":0.05},"duration":2,"z":0,"tweenEasing":0},{"transform":{"x":0.35,"scY":0.999,"skX":2.16,"y":-10.6,"skY":2.16,"pY":0.1,"pX":0.05,"scX":0.999},"duration":9,"z":0,"tweenEasing":0},{"transform":{},"duration":12,"z":0,"tweenEasing":0},{"transform":{"x":0.45,"skX":2.49,"y":-12.8,"skY":2.49,"pX":0.05},"duration":8,"z":0,"tweenEasing":0},{"transform":{},"duration":12,"z":0,"tweenEasing":0},{"transform":{"x":0.45,"skX":2.49,"y":-12.8,"skY":2.49,"pX":0.05},"duration":5,"z":0,"tweenEasing":0},{"transform":{"x":0.1,"scY":0.999,"skX":0.94,"y":-4.85,"skY":0.94,"pY":0.1,"scX":0.999},"duration":3,"z":0,"tweenEasing":0},{"transform":{},"duration":6,"z":0,"tweenEasing":0},{"transform":{"x":0.2,"scY":0.999,"skX":1.39,"y":-6.4,"skY":1.39,"scX":0.999},"duration":6,"z":0,"tweenEasing":0},{"transform":{"x":0.45,"skX":2.49,"y":-12.8,"skY":2.49,"pX":0.05},"z":0,"duration":6}]},{"name":"snow1","frame":[{"transform":{},"z":0,"duration":107}]},{"name":"snow2","frame":[{"transform":{},"z":0,"duration":107}]},{"name":"snow3","frame":[{"transform":{},"z":0,"duration":107}]}],"tweenEasing":null}],"skin":[{"name":"default","slot":[{"z":0,"name":"Layer 1","display":[{"transform":{"x":-22.2,"y":76.45},"name":"mc/all levels/hector leg animation01","type":"armature"}],"parent":"Layer 1"},{"z":1,"name":"Layer 2","display":[{"transform":{"x":-22.2,"y":76.45},"name":"mc/all levels/hector leg animation03","type":"armature"}],"parent":"Layer 2"},{"z":2,"name":"Layer 3","display":[{"transform":{"x":-7.85,"y":16.85},"name":"mc/all levels/hector arm01","type":"armature"}],"parent":"Layer 3"},{"z":3,"name":"snow1","display":[{"transform":{"x":-61.9,"y":-43},"name":"mc/all levels/snowpatch","type":"armature"}],"parent":"snow1"},{"z":4,"name":"snow2","display":[{"transform":{"x":-61.8,"y":-42.9},"name":"mc/all levels/snowpatch","type":"armature"}],"parent":"snow2"},{"z":5,"name":"snow3","display":[{"transform":{"x":-61.95,"y":-43},"name":"mc/all levels/snowpatch","type":"armature"}],"parent":"snow3"}]}],"name":"mc/all levels/hector LEGS animation","bone":[{"transform":{"x":1039.55,"scY":3.2055,"skX":158.02,"y":132.75,"skY":158.02,"scX":3.2055},"name":"snow1"},{"transform":{"x":113.8,"y":-31.95},"name":"Layer 2"},{"transform":{"x":169.6,"scY":1.3736,"skX":-19.97,"y":-232.9,"skY":-19.97,"scX":-1.3736},"name":"Layer 3"},{"transform":{"x":-78.55,"y":-68.4},"name":"Layer 1"},{"transform":{"x":913.65,"scY":3.2055,"skX":158.02,"y":331.95,"skY":158.02,"scX":3.2055},"name":"snow2"},{"transform":{"x":1055.4,"scY":1.4221,"skX":174.99,"y":300.35,"skY":174.99,"scX":1.4221},"name":"snow3"}]},{"animation":[{"scale":1.6,"name":"idle","loop":0,"duration":21,"autoTween":0,"timeline":[{"name":"Layer 4","frame":[{"transform":{},"duration":4,"z":0,"tweenEasing":0},{"transform":{"x":146.7,"skX":-19.97,"y":34.2,"skY":-19.97},"duration":5,"z":0,"tweenEasing":0},{"transform":{"x":219.5,"skX":-19.97,"y":34.2,"skY":-19.97,"pY":-0.05},"duration":2,"z":0,"tweenEasing":0},{"transform":{"x":353.6,"scY":0.9984,"skX":-54.24,"y":-4.6,"skY":-54.24,"pY":-0.05,"pX":-0.05,"scX":0.9984},"z":0,"duration":1},{"transform":{"x":633.2,"scY":0.9984,"skX":-54.24,"y":7,"skY":-54.24,"pY":-0.1,"scX":0.9984},"duration":7,"z":0,"colorTransform":{"gM":100,"bO":0,"aO":0,"bM":100,"aM":0,"rO":0,"rM":100,"gO":0}},{"transform":{"x":306,"skX":-82.03,"y":-71.75,"skY":-82.03,"pX":-0.05},"z":0,"duration":2}]},{"name":"Layer 7","frame":[{"transform":{},"duration":12,"z":0,"colorTransform":{"gM":100,"bO":0,"aO":0,"bM":100,"aM":0,"rO":0,"rM":100,"gO":0}},{"transform":{"x":-74.6,"scY":1.0199,"skX":28.51,"y":124.5,"skY":28.51,"pY":0.05,"pX":0.15,"scX":1.0199},"z":0,"duration":1},{"transform":{"x":-55.9,"scY":0.9421,"skX":-53.42,"y":-69.6,"skY":-53.42,"pY":0.05,"pX":0.05,"scX":0.9421},"duration":2,"z":0,"tweenEasing":0},{"transform":{"x":-55.9,"scY":0.9421,"skX":-53.42,"y":-69.6,"skY":-53.42,"pY":0.05,"pX":0.05,"scX":0.9421},"duration":3,"z":0,"tweenEasing":0},{"transform":{"x":-151.5,"y":64.6,"pX":-0.05},"z":0,"duration":1},{"transform":{},"duration":2,"z":0,"colorTransform":{"gM":100,"bO":0,"aO":0,"bM":100,"aM":0,"rO":0,"rM":100,"gO":0}}]},{"name":"Layer 1","frame":[{"transform":{},"duration":4,"z":0,"tweenEasing":0},{"transform":{"x":-111.5,"skX":-19.97,"y":-10.75,"skY":-19.97,"pY":0.6,"pX":2.15},"duration":5,"z":0,"tweenEasing":0},{"transform":{"x":-225.9,"scY":1.069,"skX":-34.7,"y":-13.6,"skY":-34.69,"pY":-1.35,"pX":4.3},"duration":3,"z":0,"tweenEasing":0},{"transform":{"x":-412.8,"scY":1.069,"skX":-64.66,"y":116.65,"skY":-64.66,"pY":-1.3,"pX":4.4},"z":0,"duration":1},{"transform":{"x":-24.7,"scY":1.069,"skX":-64.66,"y":114.85,"skY":-64.66,"pY":-1.3,"pX":4.4},"duration":8,"z":0,"colorTransform":{"gM":100,"bO":0,"aO":0,"bM":100,"aM":0,"rO":0,"rM":100,"gO":0}}]},{"name":"Layer 6","frame":[{"transform":{},"duration":13,"z":0,"colorTransform":{"gM":100,"bO":0,"aO":0,"bM":100,"aM":0,"rO":0,"rM":100,"gO":0}},{"transform":{"x":-157.5,"y":149.65,"pY":0.05,"pX":0.05},"z":0,"duration":2},{"transform":{"x":-157.5,"y":149.65,"pY":0.05,"pX":0.05},"duration":4,"z":0,"tweenEasing":0},{"transform":{"x":-245.05,"skX":44.97,"y":160.2,"skY":44.97,"pY":0.05,"pX":-0.05},"z":0,"duration":2}]}],"tweenEasing":null}],"skin":[{"name":"default","slot":[{"z":0,"name":"Layer 4","display":[{"transform":{"x":37.15,"y":-90.4,"pY":17.1,"pX":101.8},"name":"mc/all levels/hectoer foor 02","type":"image"}],"parent":"Layer 4"},{"z":1,"name":"Layer 7","display":[{"transform":{"x":37.1,"y":-90.4,"pY":15.65,"pX":83},"name":"mc/all levels/hector foot01","type":"image"}],"parent":"Layer 7"},{"z":2,"name":"Layer 1","display":[{"transform":{"x":19.4,"y":690.85,"pY":295,"pX":92.35},"name":"mc/all levels/Hector leg01","type":"image"}],"parent":"Layer 1"},{"z":3,"name":"Layer 6","display":[{"transform":{"x":-0.4,"y":-2.45,"pY":98.65,"pX":105.75},"name":"mc/all levels/hector leg02","type":"image"}],"parent":"Layer 6"}]}],"name":"mc/all levels/hector leg animation01","bone":[{"transform":{"x":111.9,"skX":17.15,"y":-598.2,"skY":17.15},"name":"Layer 1"},{"transform":{"x":335.8,"scY":0.9805,"skX":-82.73,"y":-60.3,"skY":-82.73,"scX":0.9805},"name":"Layer 7"},{"transform":{"x":-142.35,"skX":17.15,"y":106.7,"skY":17.15},"name":"Layer 4"},{"transform":{"x":262.9,"scY":1.1467,"skX":-16.96,"y":-246.55,"skY":-16.96,"scX":-1.0964},"name":"Layer 6"}]},{"animation":[{"scale":1.6,"name":"idle","loop":0,"duration":21,"autoTween":0,"timeline":[{"name":"Layer 4","frame":[{"transform":{},"duration":1,"z":0,"tweenEasing":0},{"transform":{"x":67,"scY":1.0003,"skX":-17.27,"y":-19.45,"skY":-17.27,"scX":1.0003},"z":0,"duration":1},{"transform":{"x":346.6,"scY":1.0003,"skX":-17.27,"y":-7.85,"skY":-17.27,"pY":-0.05,"pX":0.05,"scX":1.0003},"duration":7,"z":0,"colorTransform":{"gM":100,"bO":0,"aO":0,"bM":100,"aM":0,"rO":0,"rM":100,"gO":0}},{"transform":{"x":19.4,"scY":1.0018,"skX":-45.06,"y":-86.6,"skY":-45.06,"pY":0.05,"scX":1.0018},"z":0,"duration":2},{"transform":{"x":-286.6,"scY":1.0019,"skX":36.97,"y":-14.85,"skY":36.97,"pY":0.05,"pX":0.05,"scX":1.0019},"duration":4,"z":0,"tweenEasing":0},{"transform":{"x":-139.9,"scY":1.0019,"skX":17,"y":19.35,"skY":17,"pY":0.05,"pX":0.05,"scX":1.0019},"duration":5,"z":0,"tweenEasing":0},{"transform":{"x":-67.1,"scY":1.0019,"skX":17,"y":19.35,"skY":17,"pX":0.05,"scX":1.0019},"z":0,"duration":1}]},{"name":"Layer 7","frame":[{"transform":{},"duration":2,"z":0,"colorTransform":{"gM":100,"bO":0,"aO":0,"bM":100,"aM":0,"rO":0,"rM":100,"gO":0}},{"transform":{"x":-74.6,"scY":1.0199,"skX":28.51,"y":124.5,"skY":28.51,"pY":0.05,"pX":0.15,"scX":1.0199},"z":0,"duration":1},{"transform":{"x":-55.9,"scY":0.9421,"skX":-53.42,"y":-69.6,"skY":-53.42,"pY":0.05,"pX":0.05,"scX":0.9421},"duration":2,"z":0,"tweenEasing":0},{"transform":{"x":-55.9,"scY":0.9421,"skX":-53.42,"y":-69.6,"skY":-53.42,"pY":0.05,"pX":0.05,"scX":0.9421},"duration":3,"z":0,"tweenEasing":0},{"transform":{"x":-151.5,"y":64.6,"pX":-0.05},"z":0,"duration":1},{"transform":{},"duration":2,"z":0,"colorTransform":{"gM":100,"bO":0,"aO":0,"bM":100,"aM":0,"rO":0,"rM":100,"gO":0}},{"transform":{},"duration":10,"z":0,"colorTransform":{"gM":100,"bO":0,"aO":0,"bM":100,"aM":0,"rO":0,"rM":100,"gO":0}}]},{"name":"Layer 1","frame":[{"transform":{},"duration":2,"z":0,"tweenEasing":0},{"transform":{"x":-124.6,"scY":1.0014,"skX":-19.96,"y":86.85,"skY":-19.96,"pY":0.05,"pX":0.1,"scX":1.0014},"z":0,"duration":1},{"transform":{"x":263.5,"scY":1.0014,"skX":-19.96,"y":85.05,"skY":-19.96,"pY":0.05,"pX":0.1,"scX":1.0014},"duration":8,"z":0,"colorTransform":{"gM":100,"bO":0,"aO":0,"bM":100,"aM":0,"rO":0,"rM":100,"gO":0}},{"transform":{"x":288.2,"scY":0.9368,"skX":44.7,"y":-29.8,"skY":44.7,"pY":1.35,"pX":-4.3,"scX":1.0014},"duration":4,"z":0,"tweenEasing":0},{"transform":{"x":176.7,"scY":0.9368,"skX":24.73,"y":-40.55,"skY":24.73,"pY":1.95,"pX":-2.15,"scX":1.0014},"duration":5,"z":0,"tweenEasing":0},{"transform":{"x":62.3,"scY":1.0014,"skX":10,"y":-43.4,"skY":10.01,"scX":1.0014},"z":0,"duration":1}]},{"name":"Layer 6","frame":[{"transform":{},"duration":3,"z":0,"colorTransform":{"gM":100,"bO":0,"aO":0,"bM":100,"aM":0,"rO":0,"rM":100,"gO":0}},{"transform":{"x":-157.5,"y":149.65,"pY":0.05,"pX":0.05},"z":0,"duration":2},{"transform":{"x":-157.5,"y":149.65,"pY":0.05,"pX":0.05},"duration":4,"z":0,"tweenEasing":0},{"transform":{"x":-245.05,"skX":44.97,"y":160.2,"skY":44.97,"pY":0.05,"pX":-0.05},"z":0,"duration":2},{"transform":{},"duration":10,"z":0,"colorTransform":{"gM":100,"bO":0,"aO":0,"bM":100,"aM":0,"rO":0,"rM":100,"gO":0}}]}],"tweenEasing":null}],"skin":[{"name":"default","slot":[{"z":0,"name":"Layer 4","display":[{"transform":{"x":37.1,"y":-90.45,"pY":17.1,"pX":101.8},"name":"mc/all levels/hectoer foor 02","type":"image"}],"parent":"Layer 4"},{"z":1,"name":"Layer 7","display":[{"transform":{"x":37.1,"y":-90.4,"pY":15.65,"pX":83},"name":"mc/all levels/hector foot01","type":"image"}],"parent":"Layer 7"},{"z":2,"name":"Layer 1","display":[{"transform":{"x":23.7,"y":689.5,"pY":295,"pX":92.35},"name":"mc/all levels/Hector leg01","type":"image"}],"parent":"Layer 1"},{"z":3,"name":"Layer 6","display":[{"transform":{"x":-0.4,"y":-2.45,"pY":98.65,"pX":105.75},"name":"mc/all levels/hector leg02","type":"image"}],"parent":"Layer 6"}]}],"name":"mc/all levels/hector leg animation03","bone":[{"transform":{"x":-176.3,"scY":1.0675,"skX":-27.55,"y":-568.4,"skY":-27.55,"scX":0.9986},"name":"Layer 1"},{"transform":{"x":335.8,"scY":0.9805,"skX":-82.73,"y":-60.3,"skY":-82.73,"scX":0.9805},"name":"Layer 7"},{"transform":{"x":144.25,"scY":0.9981,"skX":-19.82,"y":121.55,"skY":-19.82,"scX":0.9981},"name":"Layer 4"},{"transform":{"x":262.9,"scY":1.1467,"skX":-16.96,"y":-246.55,"skY":-16.96,"scX":-1.0964},"name":"Layer 6"}]},{"animation":[{"name":"idle","duration":8,"autoTween":1,"timeline":[{"name":"snow spray1","frame":[{"transform":{},"z":0,"duration":8}]},{"name":"snow spray2","frame":[{"transform":{},"z":0,"duration":8}]},{"name":"snow spray3","frame":[{"transform":{},"z":0,"duration":8}]},{"name":"snow spray4","frame":[{"transform":{},"z":0,"duration":8}]},{"name":"snow spray5","frame":[{"transform":{},"z":0,"duration":8}]},{"name":"snow spray6","frame":[{"transform":{},"z":0,"duration":8}]},{"name":"snow spray7","frame":[{"transform":{},"z":0,"duration":8}]},{"name":"Layer 11","frame":[{"transform":{},"z":0,"duration":8}]}],"tweenEasing":null}],"skin":[{"name":"default","slot":[{"z":0,"name":"snow spray1","display":[{"transform":{"x":240.9,"y":-168.8},"name":"mc/all levels/snow spray","type":"armature"}],"parent":"snow spray1"},{"z":1,"name":"snow spray2","display":[{"transform":{"x":240.9,"y":-168.8},"name":"mc/all levels/snow spray","type":"armature"}],"parent":"snow spray2"},{"z":2,"name":"snow spray3","display":[{"transform":{"x":240.95,"y":-168.8},"name":"mc/all levels/snow spray","type":"armature"}],"parent":"snow spray3"},{"z":3,"name":"snow spray4","display":[{"transform":{"x":240.9,"y":-168.75},"name":"mc/all levels/snow spray","type":"armature"}],"parent":"snow spray4"},{"z":4,"name":"snow spray5","display":[{"transform":{"x":240.85,"y":-168.75},"name":"mc/all levels/snow spray","type":"armature"}],"parent":"snow spray5"},{"z":5,"name":"snow spray6","display":[{"transform":{"x":240.9,"y":-168.75},"name":"mc/all levels/snow spray","type":"armature"}],"parent":"snow spray6"},{"z":6,"name":"snow spray7","display":[{"transform":{"x":240.9,"y":-168.8},"name":"mc/all levels/snow spray","type":"armature"}],"parent":"snow spray7"},{"z":7,"name":"Layer 11","display":[{"transform":{"x":0.05,"pY":258.45,"pX":52.9},"name":"arm_bigfoot","type":"image"}],"parent":"Layer 11"}]}],"name":"mc/all levels/hector arm01","bone":[{"transform":{"x":-659.5,"scY":1.8353,"skX":32.49,"y":372.2,"skY":32.49,"scX":1.8353},"name":"snow spray5"},{"transform":{"x":-476.7,"scY":1.8353,"skX":15.5,"y":370,"skY":15.5,"scX":1.8353},"name":"snow spray2"},{"transform":{"x":-271.2,"scY":1.8353,"skX":-19.63,"y":622.15,"skY":-19.63,"scX":1.8353},"name":"snow spray3"},{"transform":{"x":-572.35,"scY":1.8353,"skX":15.5,"y":549.1,"skY":15.5,"scX":1.8353},"name":"snow spray4"},{"transform":{"x":-405.9,"scY":1.8353,"y":496.4,"scX":1.8353},"name":"snow spray1"},{"transform":{"x":-587.1,"scY":1.8352,"skX":10.77,"y":649.7,"skY":10.77,"scX":1.8352},"name":"snow spray6"},{"transform":{"x":-702.2,"scY":1.8352,"skX":10.77,"y":539.35,"skY":10.77,"scX":1.8352},"name":"snow spray7"},{"transform":{"x":-5.7,"y":240.3},"name":"Layer 11"}]},{"animation":[{"scale":1.6,"name":"idle","loop":0,"duration":12,"autoTween":0,"timeline":[{"name":"Layer 1","frame":[{"transform":{},"z":0,"duration":3},{"transform":{"x":13.7,"y":-1.45},"duration":9,"z":0,"colorTransform":{"gM":100,"bO":0,"aO":0,"bM":100,"aM":0,"rO":0,"rM":100,"gO":0}}]},{"name":"Layer 3","frame":[{"transform":{},"duration":3,"z":0,"colorTransform":{"gM":100,"bO":0,"aO":0,"bM":100,"aM":0,"rO":0,"rM":100,"gO":0}},{"transform":{"x":14.9,"y":-2.45},"z":0,"duration":3},{"transform":{},"duration":3,"z":0,"colorTransform":{"gM":100,"bO":0,"aO":0,"bM":100,"aM":0,"rO":0,"rM":100,"gO":0}},{"transform":{"x":13.25,"y":-4.45},"z":0,"duration":3}]},{"name":"Layer 4","frame":[{"transform":{},"duration":6,"z":0,"colorTransform":{"gM":100,"bO":0,"aO":0,"bM":100,"aM":0,"rO":0,"rM":100,"gO":0}},{"transform":{"x":25.3,"y":-4.6},"z":0,"duration":3},{"transform":{},"duration":3,"z":0,"colorTransform":{"gM":100,"bO":0,"aO":0,"bM":100,"aM":0,"rO":0,"rM":100,"gO":0}}]}],"tweenEasing":null}],"skin":[{"name":"default","slot":[{"z":0,"name":"Layer 1","display":[{"transform":{"pY":46.5,"pX":50.25},"name":"snowpath1","type":"image"}],"parent":"Layer 1"},{"z":1,"name":"Layer 3","display":[{"transform":{"pY":47.35,"pX":53.5},"name":"snowpath2","type":"image"}],"parent":"Layer 3"},{"z":2,"name":"Layer 4","display":[{"transform":{"pY":50.25,"pX":59.5},"name":"snowpath3","type":"image"}],"parent":"Layer 4"}]}],"name":"mc/all levels/snowpatch","bone":[{"transform":{"x":48.2,"y":44.4},"name":"Layer 1"},{"transform":{"x":43.95,"y":50.8},"name":"Layer 3"},{"transform":{"x":27.1,"y":47.9},"name":"Layer 4"}]},{"animation":[{"scale":1.6,"name":"idle","loop":0,"duration":8,"autoTween":0,"timeline":[{"name":"Layer 1","frame":[{"transform":{},"duration":1,"z":0,"tweenEasing":0},{"transform":{"y":-0.15},"z":0,"duration":1},{"transform":{"y":-0.15},"duration":6,"z":0,"colorTransform":{"gM":100,"bO":0,"aO":0,"bM":100,"aM":0,"rO":0,"rM":100,"gO":0}}]},{"name":"Layer 9","frame":[{"transform":{},"duration":2,"z":0,"colorTransform":{"gM":100,"bO":0,"aO":0,"bM":100,"aM":0,"rO":0,"rM":100,"gO":0}},{"transform":{"x":0.15,"y":-0.15},"duration":1,"z":0,"tweenEasing":0},{"transform":{},"z":0,"duration":1},{"transform":{},"duration":4,"z":0,"colorTransform":{"gM":100,"bO":0,"aO":0,"bM":100,"aM":0,"rO":0,"rM":100,"gO":0}}]},{"name":"Layer 10","frame":[{"transform":{},"duration":4,"z":0,"colorTransform":{"gM":100,"bO":0,"aO":0,"bM":100,"aM":0,"rO":0,"rM":100,"gO":0}},{"transform":{"x":-0.15,"y":0.15},"duration":1,"z":0,"tweenEasing":0},{"transform":{},"z":0,"duration":1},{"transform":{},"duration":2,"z":0,"colorTransform":{"gM":100,"bO":0,"aO":0,"bM":100,"aM":0,"rO":0,"rM":100,"gO":0}}]},{"name":"Layer 11","frame":[{"transform":{},"duration":6,"z":0,"colorTransform":{"gM":100,"bO":0,"aO":0,"bM":100,"aM":0,"rO":0,"rM":100,"gO":0}},{"transform":{"y":-0.3},"displayIndex":1,"duration":1,"z":0},{"transform":{"y":-0.3},"displayIndex":1,"z":0,"colorTransform":{"gM":100,"bO":0,"aO":0,"bM":100,"aM":0,"rO":0,"rM":100,"gO":0},"duration":1}]},{"name":"Layer 12","frame":[{"transform":{},"duration":7,"z":0,"colorTransform":{"gM":100,"bO":0,"aO":0,"bM":100,"aM":0,"rO":0,"rM":100,"gO":0}},{"transform":{},"z":0,"duration":1}]},{"name":"Layer 2","frame":[{"transform":{},"duration":1,"z":0,"tweenEasing":0},{"transform":{"x":-13.6,"y":14.4},"z":0,"duration":1},{"transform":{"x":-13.6,"y":14.4},"duration":6,"z":0,"colorTransform":{"gM":100,"bO":0,"aO":0,"bM":100,"aM":0,"rO":0,"rM":100,"gO":0}}]},{"name":"Layer 13","frame":[{"transform":{},"duration":2,"z":0,"colorTransform":{"gM":100,"bO":0,"aO":0,"bM":100,"aM":0,"rO":0,"rM":100,"gO":0}},{"transform":{"x":21.3,"y":-11.7},"duration":1,"z":0,"tweenEasing":0},{"transform":{},"z":0,"duration":1},{"transform":{},"duration":4,"z":0,"colorTransform":{"gM":100,"bO":0,"aO":0,"bM":100,"aM":0,"rO":0,"rM":100,"gO":0}}]},{"name":"Layer 14","frame":[{"transform":{},"duration":4,"z":0,"colorTransform":{"gM":100,"bO":0,"aO":0,"bM":100,"aM":0,"rO":0,"rM":100,"gO":0}},{"transform":{"x":7.2,"y":-1.05},"duration":1,"z":0,"tweenEasing":0},{"transform":{},"z":0,"duration":1},{"transform":{},"duration":2,"z":0,"colorTransform":{"gM":100,"bO":0,"aO":0,"bM":100,"aM":0,"rO":0,"rM":100,"gO":0}}]},{"name":"Layer 15","frame":[{"transform":{},"duration":6,"z":0,"colorTransform":{"gM":100,"bO":0,"aO":0,"bM":100,"aM":0,"rO":0,"rM":100,"gO":0}},{"transform":{"x":11.2,"y":-5.6},"duration":1,"z":0,"tweenEasing":0},{"transform":{},"z":0,"duration":1}]},{"name":"Layer 3","frame":[{"transform":{},"duration":1,"z":0,"tweenEasing":0},{"transform":{"x":-21.4,"y":11},"z":0,"duration":1},{"transform":{"x":-21.4,"y":11},"duration":6,"z":0,"colorTransform":{"gM":100,"bO":0,"aO":0,"bM":100,"aM":0,"rO":0,"rM":100,"gO":0}}]},{"name":"Layer 16","frame":[{"transform":{},"duration":2,"z":0,"colorTransform":{"gM":100,"bO":0,"aO":0,"bM":100,"aM":0,"rO":0,"rM":100,"gO":0}},{"transform":{"x":27,"y":-9.6},"duration":1,"z":0,"tweenEasing":0},{"transform":{},"z":0,"duration":1},{"transform":{},"duration":4,"z":0,"colorTransform":{"gM":100,"bO":0,"aO":0,"bM":100,"aM":0,"rO":0,"rM":100,"gO":0}}]},{"name":"Layer 17","frame":[{"transform":{},"duration":4,"z":0,"colorTransform":{"gM":100,"bO":0,"aO":0,"bM":100,"aM":0,"rO":0,"rM":100,"gO":0}},{"transform":{"x":6.4,"y":-6.6},"duration":1,"z":0,"tweenEasing":0},{"transform":{},"z":0,"duration":1},{"transform":{},"duration":2,"z":0,"colorTransform":{"gM":100,"bO":0,"aO":0,"bM":100,"aM":0,"rO":0,"rM":100,"gO":0}}]},{"name":"Layer 18","frame":[{"transform":{},"duration":6,"z":0,"colorTransform":{"gM":100,"bO":0,"aO":0,"bM":100,"aM":0,"rO":0,"rM":100,"gO":0}},{"transform":{},"duration":1,"z":0,"tweenEasing":0},{"transform":{},"z":0,"duration":1}]},{"name":"Layer 4","frame":[{"transform":{},"duration":2,"z":0,"colorTransform":{"gM":100,"bO":0,"aO":0,"bM":100,"aM":0,"rO":0,"rM":100,"gO":0}},{"transform":{},"z":0,"duration":2},{"transform":{},"duration":4,"z":0,"colorTransform":{"gM":100,"bO":0,"aO":0,"bM":100,"aM":0,"rO":0,"rM":100,"gO":0}}]},{"name":"Layer 19","frame":[{"transform":{},"duration":4,"z":0,"colorTransform":{"gM":100,"bO":0,"aO":0,"bM":100,"aM":0,"rO":0,"rM":100,"gO":0}},{"transform":{},"z":0,"duration":2},{"transform":{},"duration":2,"z":0,"colorTransform":{"gM":100,"bO":0,"aO":0,"bM":100,"aM":0,"rO":0,"rM":100,"gO":0}}]},{"name":"Layer 20","frame":[{"transform":{},"duration":6,"z":0,"colorTransform":{"gM":100,"bO":0,"aO":0,"bM":100,"aM":0,"rO":0,"rM":100,"gO":0}},{"transform":{},"z":0,"duration":2}]},{"name":"Layer 5","frame":[{"transform":{},"z":0,"duration":2},{"transform":{},"duration":6,"z":0,"colorTransform":{"gM":100,"bO":0,"aO":0,"bM":100,"aM":0,"rO":0,"rM":100,"gO":0}}]},{"name":"Layer 21","frame":[{"transform":{},"duration":2,"z":0,"colorTransform":{"gM":100,"bO":0,"aO":0,"bM":100,"aM":0,"rO":0,"rM":100,"gO":0}},{"transform":{},"z":0,"duration":2},{"transform":{},"duration":4,"z":0,"colorTransform":{"gM":100,"bO":0,"aO":0,"bM":100,"aM":0,"rO":0,"rM":100,"gO":0}}]},{"name":"Layer 22","frame":[{"transform":{},"duration":4,"z":0,"colorTransform":{"gM":100,"bO":0,"aO":0,"bM":100,"aM":0,"rO":0,"rM":100,"gO":0}},{"transform":{},"z":0,"duration":2},{"transform":{},"duration":2,"z":0,"colorTransform":{"gM":100,"bO":0,"aO":0,"bM":100,"aM":0,"rO":0,"rM":100,"gO":0}}]},{"name":"Layer 23","frame":[{"transform":{},"duration":6,"z":0,"colorTransform":{"gM":100,"bO":0,"aO":0,"bM":100,"aM":0,"rO":0,"rM":100,"gO":0}},{"transform":{},"z":0,"duration":2}]},{"name":"Layer 6","frame":[{"transform":{},"z":0,"duration":2},{"transform":{},"duration":6,"z":0,"colorTransform":{"gM":100,"bO":0,"aO":0,"bM":100,"aM":0,"rO":0,"rM":100,"gO":0}}]},{"name":"Layer 24","frame":[{"transform":{},"duration":2,"z":0,"colorTransform":{"gM":100,"bO":0,"aO":0,"bM":100,"aM":0,"rO":0,"rM":100,"gO":0}},{"transform":{},"z":0,"duration":2},{"transform":{},"duration":4,"z":0,"colorTransform":{"gM":100,"bO":0,"aO":0,"bM":100,"aM":0,"rO":0,"rM":100,"gO":0}}]},{"name":"Layer 25","frame":[{"transform":{},"duration":4,"z":0,"colorTransform":{"gM":100,"bO":0,"aO":0,"bM":100,"aM":0,"rO":0,"rM":100,"gO":0}},{"transform":{},"z":0,"duration":2},{"transform":{},"duration":2,"z":0,"colorTransform":{"gM":100,"bO":0,"aO":0,"bM":100,"aM":0,"rO":0,"rM":100,"gO":0}}]},{"name":"Layer 26","frame":[{"transform":{},"duration":6,"z":0,"colorTransform":{"gM":100,"bO":0,"aO":0,"bM":100,"aM":0,"rO":0,"rM":100,"gO":0}},{"transform":{},"z":0,"duration":2}]},{"name":"Layer 7","frame":[{"transform":{},"z":0,"duration":2},{"transform":{},"duration":6,"z":0,"colorTransform":{"gM":100,"bO":0,"aO":0,"bM":100,"aM":0,"rO":0,"rM":100,"gO":0}}]},{"name":"Layer 27","frame":[{"transform":{},"duration":2,"z":0,"colorTransform":{"gM":100,"bO":0,"aO":0,"bM":100,"aM":0,"rO":0,"rM":100,"gO":0}},{"transform":{},"z":0,"duration":2},{"transform":{},"duration":4,"z":0,"colorTransform":{"gM":100,"bO":0,"aO":0,"bM":100,"aM":0,"rO":0,"rM":100,"gO":0}}]},{"name":"Layer 28","frame":[{"transform":{},"duration":4,"z":0,"colorTransform":{"gM":100,"bO":0,"aO":0,"bM":100,"aM":0,"rO":0,"rM":100,"gO":0}},{"transform":{},"z":0,"duration":2},{"transform":{},"duration":2,"z":0,"colorTransform":{"gM":100,"bO":0,"aO":0,"bM":100,"aM":0,"rO":0,"rM":100,"gO":0}}]},{"name":"Layer 29","frame":[{"transform":{},"duration":6,"z":0,"colorTransform":{"gM":100,"bO":0,"aO":0,"bM":100,"aM":0,"rO":0,"rM":100,"gO":0}},{"transform":{},"z":0,"duration":2}]},{"name":"Layer 8","frame":[{"transform":{},"z":0,"duration":2},{"transform":{},"duration":6,"z":0,"colorTransform":{"gM":100,"bO":0,"aO":0,"bM":100,"aM":0,"rO":0,"rM":100,"gO":0}}]},{"name":"Layer 30","frame":[{"transform":{},"duration":2,"z":0,"colorTransform":{"gM":100,"bO":0,"aO":0,"bM":100,"aM":0,"rO":0,"rM":100,"gO":0}},{"transform":{},"z":0,"duration":2},{"transform":{},"duration":4,"z":0,"colorTransform":{"gM":100,"bO":0,"aO":0,"bM":100,"aM":0,"rO":0,"rM":100,"gO":0}}]},{"name":"Layer 31","frame":[{"transform":{},"duration":4,"z":0,"colorTransform":{"gM":100,"bO":0,"aO":0,"bM":100,"aM":0,"rO":0,"rM":100,"gO":0}},{"transform":{},"z":0,"duration":2},{"transform":{},"duration":2,"z":0,"colorTransform":{"gM":100,"bO":0,"aO":0,"bM":100,"aM":0,"rO":0,"rM":100,"gO":0}}]},{"name":"Layer 32","frame":[{"transform":{},"duration":6,"z":0,"colorTransform":{"gM":100,"bO":0,"aO":0,"bM":100,"aM":0,"rO":0,"rM":100,"gO":0}},{"transform":{},"z":0,"duration":2}]}],"tweenEasing":null}],"skin":[{"name":"default","slot":[{"z":0,"name":"Layer 1","display":[{"transform":{"pY":82.65,"pX":114.3},"name":"spray_1","type":"image"}],"parent":"Layer 1"},{"z":1,"name":"Layer 9","display":[{"transform":{"x":0.05,"pY":81.5,"pX":112.95},"name":"spray_2","type":"image"}],"parent":"Layer 9"},{"z":2,"name":"Layer 10","display":[{"transform":{"x":0.05,"pY":81.3,"pX":112.35},"name":"spray_3","type":"image"}],"parent":"Layer 10"},{"z":3,"name":"Layer 11","display":[{"transform":{"pY":82.65,"pX":114.3},"name":"spray_5","type":"image"},{"transform":{"x":0.05,"pY":81.5,"pX":112.95},"name":"spray_4","type":"image"}],"parent":"Layer 11"},{"z":4,"name":"Layer 12","display":[{"transform":{"pY":82.65,"pX":114.3},"name":"spray_5","type":"image"}],"parent":"Layer 12"},{"z":5,"name":"Layer 2","display":[{"transform":{"pY":8.6,"pX":8.85},"name":"z_elements/FlashAICB Assets/Tween 14","type":"image"}],"parent":"Layer 2"},{"z":6,"name":"Layer 13","display":[{"transform":{"pY":8.6,"pX":8.85},"name":"z_elements/FlashAICB Assets/Tween 15","type":"image"}],"parent":"Layer 13"},{"z":7,"name":"Layer 14","display":[{"transform":{"pY":9.2,"pX":9.4},"name":"z_elements/FlashAICB Assets/Tween 16","type":"image"}],"parent":"Layer 14"},{"z":8,"name":"Layer 15","display":[{"transform":{"pY":11.9,"pX":12.2},"name":"z_elements/FlashAICB Assets/Tween 17","type":"image"}],"parent":"Layer 15"},{"z":9,"name":"Layer 3","display":[{"transform":{"pY":8.95,"pX":9.55},"name":"z_elements/FlashAICB Assets/Tween 23","type":"image"}],"parent":"Layer 3"},{"z":10,"name":"Layer 16","display":[{"transform":{"pY":8.95,"pX":9.55},"name":"z_elements/FlashAICB Assets/Tween 24","type":"image"}],"parent":"Layer 16"},{"z":11,"name":"Layer 17","display":[{"transform":{"pY":8.95,"pX":9.55},"name":"z_elements/FlashAICB Assets/Tween 25","type":"image"}],"parent":"Layer 17"},{"z":12,"name":"Layer 18","display":[{"transform":{"pY":8.95,"pX":9.55},"name":"z_elements/FlashAICB Assets/Tween 26","type":"image"}],"parent":"Layer 18"},{"z":13,"name":"Layer 4","display":[{"transform":{"x":0.05,"pY":4.05,"pX":3.5},"name":"snow_part_1","type":"image"}],"parent":"Layer 4"},{"z":14,"name":"Layer 19","display":[{"transform":{"x":0.05,"pY":4.05,"pX":3.5},"name":"snow_part_2","type":"image"}],"parent":"Layer 19"},{"z":15,"name":"Layer 20","display":[{"transform":{"x":0.05,"pY":4.05,"pX":5.8},"name":"snow_part_3","type":"image"}],"parent":"Layer 20"},{"z":16,"name":"Layer 5","display":[{"transform":{"x":0.05,"pY":24.9,"pX":24.3},"name":"snow_part_4","type":"image"}],"parent":"Layer 5"},{"z":17,"name":"Layer 21","display":[{"transform":{"pY":28.9,"pX":29.2},"name":"snow_part_5","type":"image"}],"parent":"Layer 21"},{"z":18,"name":"Layer 22","display":[{"transform":{"pY":29.25,"pX":34.1},"name":"snow_part_6","type":"image"}],"parent":"Layer 22"},{"z":19,"name":"Layer 23","display":[{"transform":{"pY":12,"pX":36.9},"name":"snow_part_7","type":"image"}],"parent":"Layer 23"},{"z":20,"name":"Layer 6","display":[{"transform":{"pY":9.95,"pX":22.75},"name":"snow_part_8","type":"image"}],"parent":"Layer 6"},{"z":21,"name":"Layer 24","display":[{"transform":{"pY":10.3,"pX":21.6},"name":"snow_part_9","type":"image"}],"parent":"Layer 24"},{"z":22,"name":"Layer 25","display":[{"transform":{"y":0.05,"pY":8.8,"pX":12.4},"name":"snow_part_10","type":"image"}],"parent":"Layer 25"},{"z":23,"name":"Layer 26","display":[{"transform":{"pY":17.15,"pX":17.5},"name":"snow_part_11","type":"image"}],"parent":"Layer 26"},{"z":24,"name":"Layer 7","display":[{"transform":{"pY":11.55,"pX":15.75},"name":"snow_part_12","type":"image"}],"parent":"Layer 7"},{"z":25,"name":"Layer 27","display":[{"transform":{"pY":12.25,"pX":21.4},"name":"snow_part_13","type":"image"}],"parent":"Layer 27"},{"z":26,"name":"Layer 28","display":[{"transform":{"x":0.05,"pY":47.5,"pX":45.7},"name":"snow_part_14","type":"image"}],"parent":"Layer 28"},{"z":27,"name":"Layer 29","display":[{"transform":{"x":0.05,"pY":41.4,"pX":53.1},"name":"snow_part_15","type":"image"}],"parent":"Layer 29"},{"z":28,"name":"Layer 8","display":[{"transform":{"pY":12.85,"pX":18.5},"name":"snow_part_16","type":"image"}],"parent":"Layer 8"},{"z":29,"name":"Layer 30","display":[{"transform":{"pY":14.95,"pX":15.35},"name":"snow_part_17","type":"image"}],"parent":"Layer 30"},{"z":30,"name":"Layer 31","display":[{"transform":{"pY":11.95,"pX":13.5},"name":"snow_part_18","type":"image"}],"parent":"Layer 31"},{"z":31,"name":"Layer 32","display":[{"transform":{"pY":5.95,"pX":9.6},"name":"snow_part_19","type":"image"}],"parent":"Layer 32"}]}],"name":"mc/all levels/snow spray","bone":[{"transform":{"x":-174.15,"y":84.5},"name":"Layer 5"},{"transform":{"x":-106.35,"y":67.7},"name":"Layer 9"},{"transform":{"x":-106.35,"y":67.7},"name":"Layer 10"},{"transform":{"x":-106.2,"y":67.85},"name":"Layer 11"},{"transform":{"x":-106.2,"y":67.85},"name":"Layer 12"},{"transform":{"x":-1.3,"y":15.85},"name":"Layer 2"},{"transform":{"x":-49.8,"y":56.35},"name":"Layer 13"},{"transform":{"x":-78.35,"y":69.1},"name":"Layer 14"},{"transform":{"x":-96.8,"y":75.7},"name":"Layer 15"},{"transform":{"x":-20.05,"y":44.5},"name":"Layer 3"},{"transform":{"x":-89.85,"y":76.1},"name":"Layer 16"},{"transform":{"x":-123.3,"y":92.3},"name":"Layer 17"},{"transform":{"x":-129.7,"y":98.9},"name":"Layer 18"},{"transform":{"x":-3.05,"y":10.3},"name":"Layer 4"},{"transform":{"x":-21.05,"y":33.9},"name":"Layer 19"},{"transform":{"x":-39.95,"y":51.1},"name":"Layer 20"},{"transform":{"x":-106.2,"y":67.85},"name":"Layer 1"},{"transform":{"x":-171.4,"y":85.7},"name":"Layer 21"},{"transform":{"x":-168,"y":88.4},"name":"Layer 22"},{"transform":{"x":-169.6,"y":82.7},"name":"Layer 23"},{"transform":{"x":5.05,"y":-5.45},"name":"Layer 6"},{"transform":{"x":4.7},"name":"Layer 24"},{"transform":{"x":2.8,"y":-3.15},"name":"Layer 25"},{"transform":{"x":1.3,"y":5.2},"name":"Layer 26"},{"transform":{"x":-15.15,"y":72.2},"name":"Layer 7"},{"transform":{"x":-30.7,"y":93.4},"name":"Layer 27"},{"transform":{"x":-38.15,"y":81.1},"name":"Layer 28"},{"transform":{"x":-50.25,"y":96.95},"name":"Layer 29"},{"transform":{"x":-82.3,"y":46.2},"name":"Layer 8"},{"transform":{"x":-85.45,"y":48.65},"name":"Layer 30"},{"transform":{"x":-82.3,"y":51},"name":"Layer 31"},{"transform":{"x":-64,"y":49.7},"name":"Layer 32"}]}],"name":"bigfoot_step","frameRate":30}