{"version":"3.0","isGlobal":0,"name":"gumball_gui_edit8","armature":[{"animation":[{"name":"idle","duration":124,"frame":[{"duration":105},{"event":"show_btn","duration":19}],"autoTween":0,"timeline":[{"name":"streamers","frame":[{"transform":{},"z":0,"duration":124}]},{"name":"congratulations","frame":[{"transform":{},"tweenEasing":0.5,"duration":12,"z":0},{"transform":{},"tweenEasing":0.5,"duration":8,"z":0},{"transform":{"x":-0.6,"scY":11.0367,"y":-188.2,"pY":-0.2,"pX":0.15,"scX":10.4419},"tweenEasing":0,"duration":3,"z":0},{"transform":{"x":-0.6,"scY":11.0367,"y":-188.2,"pY":-0.2,"pX":0.2,"scX":9.1919},"tweenEasing":0,"duration":2,"z":0},{"transform":{"x":-0.6,"scY":11.0367,"y":-188.2,"pY":-0.2,"pX":0.15,"scX":9.615},"z":0,"duration":98},{"transform":{"x":-0.6,"scY":11.0367,"y":-188.2,"pY":-0.2,"pX":0.15,"scX":9.615},"z":0,"duration":1}]},{"name":"Layer 3","frame":[{"transform":{},"duration":67,"z":0,"colorTransform":{"gM":100,"bO":0,"aO":0,"bM":100,"aM":0,"rO":0,"rM":100,"gO":0}},{"transform":{"x":0.15,"scY":0.1478,"pX":-0.05,"scX":0.1478},"tweenEasing":0,"duration":9,"z":0},{"transform":{},"z":0,"duration":1},{"transform":{},"duration":8,"z":0,"colorTransform":{"gM":100,"bO":0,"aO":0,"bM":100,"aM":0,"rO":0,"rM":100,"gO":0}},{"transform":{"x":0.15,"scY":0.1478,"pX":-0.05,"scX":0.1478},"tweenEasing":0,"duration":9,"z":0},{"transform":{},"z":0,"duration":1},{"transform":{},"duration":29,"z":0,"colorTransform":{"gM":100,"bO":0,"aO":0,"bM":100,"aM":0,"rO":0,"rM":100,"gO":0}}]},{"name":"Layer 4","frame":[{"transform":{},"duration":77,"z":0,"colorTransform":{"gM":100,"bO":0,"aO":0,"bM":100,"aM":0,"rO":0,"rM":100,"gO":0}},{"transform":{"x":-1.5,"scY":0.1347,"pX":0.35,"scX":0.1347},"tweenEasing":0,"duration":28,"z":0},{"transform":{},"z":0,"duration":1},{"transform":{},"duration":18,"z":0,"colorTransform":{"gM":100,"bO":0,"aO":0,"bM":100,"aM":0,"rO":0,"rM":100,"gO":0}}]},{"name":"Layer 5","frame":[{"transform":{},"duration":95,"z":0,"colorTransform":{"gM":100,"bO":0,"aO":0,"bM":100,"aM":0,"rO":0,"rM":100,"gO":0}},{"transform":{"x":-1.5,"scY":0.1347,"pX":0.35,"scX":0.1347},"tweenEasing":0,"duration":27,"z":0},{"transform":{},"z":0,"duration":1},{"transform":{},"duration":1,"z":0,"colorTransform":{"gM":100,"bO":0,"aO":0,"bM":100,"aM":0,"rO":0,"rM":100,"gO":0}}]},{"name":"gold","frame":[{"transform":{},"z":0,"duration":124}]},{"name":"bronze","frame":[{"transform":{},"z":0,"duration":124}]},{"name":"silver","frame":[{"transform":{},"z":0,"duration":124}]}],"tweenEasing":null}],"skin":[{"name":"default","slot":[{"z":0,"name":"streamers","display":[{"transform":{"x":-75.2,"y":-107.5},"name":"gameover/streamer_cannons/mc.game_over_streamers","type":"armature"}],"parent":"streamers"},{"z":1,"name":"congratulations","display":[{"transform":{"x":-313.95,"y":-79.4},"name":"gameover/mc.game_over_congratulations_txt","type":"armature"}],"parent":"congratulations"},{"z":2,"name":"Layer 3","display":[{"transform":{"x":0.1,"pY":103.3,"pX":103.3},"name":"gameover/new_db_rainbow_small","type":"image"}],"parent":"Layer 3"},{"z":3,"name":"Layer 4","display":[{"transform":{"x":-0.25,"pY":386.35,"pX":386.45},"name":"gameover/new_db_rainbow_big","type":"image"}],"parent":"Layer 4"},{"z":4,"name":"Layer 5","display":[{"transform":{"x":-0.25,"pY":386.35,"pX":386.45},"name":"gameover/new_db_rainbow_big","type":"image"}],"parent":"Layer 5"},{"z":5,"name":"gold","display":[{"transform":{},"name":"gameover/mc.game_over_gold","type":"armature"}],"parent":"gold"},{"z":6,"name":"bronze","display":[{"transform":{"x":113.05,"y":-131},"name":"gameover/mc.game_over_bronze","type":"armature"}],"parent":"bronze"},{"z":7,"name":"silver","display":[{"transform":{"x":-107.95,"y":-102},"name":"gameover/mc.game_over_silver","type":"armature"}],"parent":"silver"}]}],"name":"gameover/mc.ui_gameover","bone":[{"transform":{"x":1.4,"scY":4.4208,"scX":4.4208},"name":"Layer 5"},{"transform":{"x":5,"scY":0.0906,"y":-43,"scX":0.104},"name":"congratulations"},{"transform":{"x":-0.2,"scY":1.7712,"scX":1.7712},"name":"Layer 3"},{"transform":{"x":1.4,"scY":4.4208,"scX":4.4208},"name":"Layer 4"},{"transform":{"x":316.75,"y":100.85},"name":"streamers"},{"transform":{"x":0.05,"y":-0.05},"name":"gold"},{"transform":{"x":-113,"y":130.95},"name":"bronze"},{"transform":{"x":108,"y":101.95},"name":"silver"}]},{"animation":[{"name":"idle","duration":1,"autoTween":1,"timeline":[{"name":"Layer 2","frame":[{"transform":{},"z":0,"duration":1}]},{"name":"Layer 3","frame":[{"transform":{},"z":0,"duration":1}]},{"name":"cannons","frame":[{"transform":{},"z":0,"duration":1}]}],"tweenEasing":null}],"skin":[{"name":"default","slot":[{"z":0,"name":"Layer 2","display":[{"transform":{},"name":"gameover/streamer_cannons/mc.game_over_streamer_cannon","type":"armature"}],"parent":"Layer 2"},{"z":1,"name":"Layer 3","display":[{"transform":{},"name":"gameover/streamer_cannons/mc.game_over_streamer_cannon","type":"armature"}],"parent":"Layer 3"},{"z":2,"name":"cannons","display":[{"transform":{"pY":19.65,"pX":305.85},"name":"snow_for_cannon","type":"image"}],"parent":"cannons"}]}],"name":"gameover/streamer_cannons/mc.game_over_streamers","bone":[{"transform":{"x":12.75,"y":173.65},"name":"Layer 2"},{"transform":{"x":-497.55,"y":172.65},"name":"Layer 3"},{"transform":{"x":-250.55,"y":180.65},"name":"cannons"}]},{"animation":[{"name":"win_lable","duration":1,"autoTween":1,"timeline":[{"name":"Layer 1","frame":[{"transform":{},"z":0,"duration":1}]},{"name":"Layer 2","frame":[{"transform":{},"duration":1,"z":0,"colorTransform":{"gM":100,"bO":0,"aO":0,"bM":100,"aM":0,"rO":0,"rM":100,"gO":0}}]}],"tweenEasing":null},{"name":"lose_lable","duration":1,"autoTween":1,"timeline":[{"name":"Layer 1","frame":[{"transform":{},"duration":1,"z":0,"colorTransform":{"gM":100,"bO":0,"aO":0,"bM":100,"aM":0,"rO":0,"rM":100,"gO":0}}]},{"name":"Layer 2","frame":[{"transform":{},"z":0,"duration":1}]}],"tweenEasing":null}],"skin":[{"name":"default","slot":[{"z":0,"name":"Layer 1","display":[{"transform":{"pY":79.6,"pX":313.8},"name":"congratGameLable","type":"image"}],"parent":"Layer 1"},{"z":1,"name":"Layer 2","display":[{"transform":{"pY":79.6,"pX":313.8},"name":"BadLuckGameLable","type":"image"}],"parent":"Layer 2"}]}],"name":"gameover/mc.game_over_congratulations_txt","bone":[{"transform":{"x":322.8,"y":178.6},"name":"Layer 1"},{"transform":{"x":322.8,"y":178.6},"name":"Layer 2"}]},{"animation":[{"name":"idle","duration":1,"autoTween":1,"timeline":[{"name":"MEDAL","frame":[{"transform":{},"duration":1,"z":0,"colorTransform":{"gM":100,"bO":0,"aO":0,"bM":100,"aM":0,"rO":0,"rM":100,"gO":0}}]}],"tweenEasing":null},{"name":"showall","duration":9,"autoTween":0,"timeline":[{"name":"MEDAL","frame":[{"transform":{},"tweenEasing":0,"duration":5,"z":0},{"transform":{"scY":2.9799,"y":-28,"pY":0.3,"pX":0.55,"scX":2.9799},"tweenEasing":0,"duration":3,"z":0},{"transform":{"scY":2.9799,"y":-20,"pY":0.3,"pX":0.55,"scX":2.9799},"z":0,"duration":1}]}],"tweenEasing":null},{"name":"test","duration":12,"autoTween":1,"timeline":[{"name":"MEDAL","pY":0.3,"pX":0.55,"frame":[{"transform":{"scY":2.9799,"y":-20,"scX":2.9799},"z":0,"duration":12}]}],"tweenEasing":null},{"name":"show","duration":72,"autoTween":0,"timeline":[{"name":"MEDAL","pY":0.3,"pX":0.55,"frame":[{"transform":{"scY":2.9799,"y":-20,"scX":2.9799},"tweenEasing":0,"duration":3,"z":0},{"transform":{"scY":2.6294,"y":-20,"pX":0.1,"scX":2.6294},"tweenEasing":0,"duration":7,"z":0},{"transform":{"x":-1.05,"scY":25.7535,"y":21.9,"pY":-0.2,"pX":0.05,"scX":25.7535},"tweenEasing":0,"duration":3,"z":0},{"transform":{"x":-2,"scY":22.7397,"y":18.85,"pY":-0.15,"pX":-0.05,"scX":22.7397},"z":0,"duration":47},{"transform":{"x":-2,"scY":22.7397,"y":18.85,"pY":-0.15,"pX":-0.05,"scX":22.7397},"tweenEasing":0,"duration":3,"z":0},{"transform":{"x":-1.05,"scY":25.7535,"y":21.9,"pY":-0.2,"pX":0.05,"scX":25.7535},"tweenEasing":0,"duration":6,"z":0},{"transform":{"scY":2.6294,"y":-20,"pX":0.1,"scX":2.6294},"tweenEasing":0,"duration":1,"z":0},{"transform":{"scY":2.8043,"y":-20,"pY":0.4,"pX":0.25,"scX":2.8043},"z":0,"duration":1},{"transform":{"scY":2.9799,"y":-20,"scX":2.9799},"z":0,"duration":1}]}],"tweenEasing":null}],"skin":[{"name":"default","slot":[{"z":0,"name":"MEDAL","display":[{"transform":{"x":-145.5,"y":-181.9},"name":"gameover/mc.game_over_medals","type":"armature"}],"parent":"MEDAL"}]}],"name":"gameover/mc.game_over_gold","bone":[{"transform":{"scY":0.044,"y":27,"scX":0.044},"name":"MEDAL"}]},{"animation":[{"name":"idle","duration":1,"autoTween":1,"timeline":[{"name":"MEDAL","frame":[{"transform":{},"duration":1,"z":0,"colorTransform":{"gM":100,"bO":0,"aO":0,"bM":100,"aM":0,"rO":0,"rM":100,"gO":0}}]}],"tweenEasing":null},{"name":"showall","duration":21,"autoTween":0,"timeline":[{"name":"MEDAL","pY":-1.2,"pX":1.1,"frame":[{"transform":{"scY":0.9997,"y":0.05,"scX":0.9997},"duration":8,"z":0,"colorTransform":{"gM":100,"bO":0,"aO":0,"bM":100,"aM":0,"rO":0,"rM":100,"gO":0},"tweenEasing":0},{"transform":{"pY":1.2,"pX":-1.1},"duration":1,"z":0,"colorTransform":{"gM":100,"bO":0,"aO":0,"bM":100,"aM":0,"rO":0,"rM":100,"gO":0},"tweenEasing":0},{"transform":{"pY":1.2,"pX":-1.1},"tweenEasing":0,"duration":7,"z":0},{"transform":{"scY":2.9799,"y":-28,"pY":1.5,"pX":-0.6,"scX":2.9799},"tweenEasing":0,"duration":3,"z":0},{"transform":{"scY":2.9799,"y":-20,"pY":1.5,"pX":-0.6,"scX":2.9799},"z":0,"duration":1},{"transform":{"scY":2.9799,"y":-20,"pY":1.5,"pX":-0.6,"scX":2.9799},"z":0,"duration":1}]}],"tweenEasing":null},{"name":"show","duration":72,"autoTween":0,"timeline":[{"name":"MEDAL","pY":0.3,"pX":0.5,"frame":[{"transform":{"scY":2.9799,"y":-20,"scX":2.9799},"tweenEasing":0,"duration":3,"z":0},{"transform":{"scY":2.6294,"y":-20,"pX":0.15,"scX":2.6294},"tweenEasing":0,"duration":7,"z":0},{"transform":{"x":90.95,"scY":25.7535,"y":-57.1,"pY":-0.15,"pX":0.05,"scX":25.7535},"tweenEasing":0,"duration":3,"z":0},{"transform":{"x":90,"scY":22.7397,"y":-60.15,"pY":-0.1,"scX":22.7397},"z":0,"duration":47},{"transform":{"x":90,"scY":22.7397,"y":-60.15,"pY":-0.1,"scX":22.7397},"tweenEasing":0,"duration":3,"z":0},{"transform":{"x":90.95,"scY":25.7535,"y":-57.1,"pY":-0.15,"pX":0.05,"scX":25.7535},"tweenEasing":0,"duration":6,"z":0},{"transform":{"scY":2.6294,"y":-20,"pX":0.15,"scX":2.6294},"tweenEasing":0,"duration":1,"z":0},{"transform":{"x":-0.05,"scY":2.8043,"y":-19.95,"pY":-0.45,"pX":0.7,"scX":2.8043},"z":0,"duration":1},{"transform":{"scY":2.9799,"y":-20,"scX":2.9799},"z":0,"duration":1}]}],"tweenEasing":null}],"skin":[{"name":"default","slot":[{"z":0,"name":"MEDAL","display":[{"transform":{"x":-145.5,"y":-181.95},"name":"gameover/mc.game_over_medals","type":"armature"}],"parent":"MEDAL"}]}],"name":"gameover/mc.game_over_bronze","bone":[{"transform":{"x":-113,"scY":0.044,"y":131,"scX":0.044},"name":"MEDAL"}]},{"animation":[{"name":"idle","duration":1,"autoTween":1,"timeline":[{"name":"Layer 1","frame":[{"transform":{},"tweenEasing":0,"duration":1,"z":0}]}],"tweenEasing":null},{"name":"fire","duration":16,"autoTween":0,"timeline":[{"name":"Layer 1","frame":[{"transform":{"scY":1.0388,"y":-0.15},"tweenEasing":0,"duration":1,"z":0},{"transform":{"scY":1.0776,"y":-0.25},"tweenEasing":0,"duration":4,"z":0},{"transform":{"scY":0.904,"y":1.35,"pY":-0.05},"tweenEasing":0,"duration":7,"z":0},{"transform":{"scY":1.1936,"y":-0.55,"pY":0.05},"tweenEasing":0,"duration":3,"z":0},{"transform":{},"tweenEasing":0,"duration":1,"z":0}]}],"tweenEasing":null}],"skin":[{"name":"default","slot":[{"z":0,"name":"Layer 1","display":[{"transform":{"y":0.05,"pY":53,"pX":15},"name":"gameover/streamer_cannons/gfx.streamer_cannon","type":"image"}],"parent":"Layer 1"}]}],"name":"gameover/streamer_cannons/mc.game_over_streamer_cannon","bone":[{"transform":{"scY":0.9185,"y":-1.35},"name":"Layer 1"}]},{"animation":[{"name":"idle","duration":1,"autoTween":1,"timeline":[{"name":"MEDAL","frame":[{"transform":{},"duration":1,"z":0,"colorTransform":{"gM":100,"bO":0,"aO":0,"bM":100,"aM":0,"rO":0,"rM":100,"gO":0}}]}],"tweenEasing":null},{"name":"showall","duration":15,"autoTween":0,"timeline":[{"name":"MEDAL","pY":-1.2,"pX":-1.2,"frame":[{"transform":{"scY":0.9997,"y":0.05,"scX":0.9997},"duration":4,"z":0,"colorTransform":{"gM":100,"bO":0,"aO":0,"bM":100,"aM":0,"rO":0,"rM":100,"gO":0},"tweenEasing":0},{"transform":{"pY":1.2,"pX":1.2},"duration":1,"z":0,"colorTransform":{"gM":100,"bO":0,"aO":0,"bM":100,"aM":0,"rO":0,"rM":100,"gO":0},"tweenEasing":0},{"transform":{"pY":1.2,"pX":1.2},"tweenEasing":0,"duration":6,"z":0},{"transform":{"scY":2.9799,"y":-28,"pY":1.5,"pX":1.75,"scX":2.9799},"tweenEasing":0,"duration":3,"z":0},{"transform":{"scY":2.9799,"y":-20,"pY":1.5,"pX":1.75,"scX":2.9799},"z":0,"duration":1}]}],"tweenEasing":null},{"name":"test","duration":6,"autoTween":1,"timeline":[{"name":"MEDAL","pY":0.3,"pX":0.55,"frame":[{"transform":{"scY":2.9799,"y":-20,"scX":2.9799},"z":0,"duration":6}]}],"tweenEasing":null},{"name":"show","duration":72,"autoTween":0,"timeline":[{"name":"MEDAL","pY":0.3,"pX":0.55,"frame":[{"transform":{"scY":2.9799,"y":-20,"scX":2.9799},"tweenEasing":0,"duration":3,"z":0},{"transform":{"scY":2.6294,"y":-20,"pX":0.1,"scX":2.6294},"tweenEasing":0,"duration":7,"z":0},{"transform":{"x":-116.05,"scY":25.7535,"y":-50.1,"pY":-0.15,"pX":0.1,"scX":25.7535},"tweenEasing":0,"duration":3,"z":0},{"transform":{"x":-117,"scY":22.7397,"y":-53.15,"pY":-0.1,"scX":22.7397},"z":0,"duration":47},{"transform":{"x":-117,"scY":22.7397,"y":-53.15,"pY":-0.1,"scX":22.7397},"tweenEasing":0,"duration":3,"z":0},{"transform":{"x":-116.05,"scY":25.7535,"y":-50.1,"pY":-0.15,"pX":0.1,"scX":25.7535},"tweenEasing":0,"duration":6,"z":0},{"transform":{"scY":2.6294,"y":-20,"pX":0.1,"scX":2.6294},"tweenEasing":0,"duration":1,"z":0},{"transform":{"x":0.05,"scY":2.8043,"y":-20,"pY":-0.05,"pX":-0.15,"scX":2.8043},"z":0,"duration":1},{"transform":{"scY":2.9799,"y":-20,"scX":2.9799},"z":0,"duration":1}]}],"tweenEasing":null}],"skin":[{"name":"default","slot":[{"z":0,"name":"MEDAL","display":[{"transform":{"x":-145.55,"y":-181.95},"name":"gameover/mc.game_over_medals","type":"armature"}],"parent":"MEDAL"}]}],"name":"gameover/mc.game_over_silver","bone":[{"transform":{"x":108,"scY":0.044,"y":102,"scX":0.044},"name":"MEDAL"}]},{"animation":[{"name":"gold","duration":1,"autoTween":1,"timeline":[{"name":"gold","frame":[{"transform":{},"z":0,"duration":1}]},{"name":"silver","frame":[{"transform":{},"duration":1,"z":0,"colorTransform":{"gM":100,"bO":0,"aO":0,"bM":100,"aM":0,"rO":0,"rM":100,"gO":0}}]},{"name":"bronze","frame":[{"transform":{},"duration":1,"z":0,"colorTransform":{"gM":100,"bO":0,"aO":0,"bM":100,"aM":0,"rO":0,"rM":100,"gO":0}}]}],"tweenEasing":null},{"name":"silver","duration":1,"autoTween":1,"timeline":[{"name":"gold","frame":[{"transform":{},"duration":1,"z":0,"colorTransform":{"gM":100,"bO":0,"aO":0,"bM":100,"aM":0,"rO":0,"rM":100,"gO":0}}]},{"name":"silver","frame":[{"transform":{},"z":0,"duration":1}]},{"name":"bronze","frame":[{"transform":{},"duration":1,"z":0,"colorTransform":{"gM":100,"bO":0,"aO":0,"bM":100,"aM":0,"rO":0,"rM":100,"gO":0}}]}],"tweenEasing":null},{"name":"bronze","duration":1,"autoTween":1,"timeline":[{"name":"gold","frame":[{"transform":{},"duration":1,"z":0,"colorTransform":{"gM":100,"bO":0,"aO":0,"bM":100,"aM":0,"rO":0,"rM":100,"gO":0}}]},{"name":"silver","frame":[{"transform":{},"duration":1,"z":0,"colorTransform":{"gM":100,"bO":0,"aO":0,"bM":100,"aM":0,"rO":0,"rM":100,"gO":0}}]},{"name":"bronze","frame":[{"transform":{},"z":0,"duration":1}]}],"tweenEasing":null}],"skin":[{"name":"default","slot":[{"z":0,"name":"gold","display":[{"transform":{"pY":181.75,"pX":145},"name":"gold_medal","type":"image"}],"parent":"gold"},{"z":1,"name":"silver","display":[{"transform":{"pY":181.75,"pX":145},"name":"silver_medal","type":"image"}],"parent":"silver"},{"z":2,"name":"bronze","display":[{"transform":{"pY":181.75,"pX":145},"name":"bronze_medal","type":"image"}],"parent":"bronze"}]}],"name":"gameover/mc.game_over_medals","bone":[{"transform":{"x":145,"y":181.75},"name":"gold"},{"transform":{"x":145,"y":181.75},"name":"silver"},{"transform":{"x":145,"y":181.75},"name":"bronze"}]}],"frameRate":24}