{"imagePath":"finish_level_tex.png","SubTexture":[{"x":1687,"width":207,"name":"gameover/new_db_rainbow_small","y":162,"height":207},{"x":0,"width":773,"name":"gameover/new_db_rainbow_big","y":0,"height":773},{"x":775,"width":612,"name":"snow_for_cannon","y":528,"height":40},{"x":1405,"width":628,"name":"congratGameLable","y":0,"height":160},{"x":775,"width":628,"name":"BadLuckGameLable","y":0,"height":160},{"x":1359,"width":34,"name":"gameover/streamer_cannons/gfx.streamer_cannon","y":162,"height":56},{"x":1067,"width":290,"name":"gold_medal","y":162,"height":364},{"x":775,"width":290,"name":"silver_medal","y":162,"height":364},{"x":1395,"width":290,"name":"bronze_medal","y":162,"height":364}],"name":"gumball_gui_edit8"}