{"armature":[{"bone":[{"transform":{"x":-11.8,"skY":0,"y":-13.65,"scX":1,"scY":1,"skX":0},"name":"arm2"},{"transform":{"x":13.95,"skY":0,"y":-6.15,"scX":1,"scY":1,"skX":0},"name":"arm1"},{"transform":{"x":-11.35,"skY":0,"y":6.35,"scX":1,"scY":1,"skX":0},"name":"leg2"},{"transform":{"x":4.5,"skY":0,"y":8.6,"scX":1,"scY":1,"skX":0},"name":"leg1"},{"transform":{"x":1.45,"skY":0,"y":-19.8,"scX":1,"scY":1,"skX":0},"name":"body"}],"skin":[{"name":"default","slot":[{"z":0,"name":"arm2","parent":"arm2","display":[{"type":"image","transform":{"x":0,"skY":0,"y":0,"scX":1,"pX":28.1,"scY":1,"skX":0,"pY":16.55},"name":"Arm2"}]},{"z":1,"name":"arm1","parent":"arm1","display":[{"type":"armature","transform":{"x":0,"skY":0,"y":0,"scX":1,"scY":1,"skX":0},"name":"Arm1"}]},{"z":2,"name":"leg2","parent":"leg2","display":[{"type":"image","transform":{"x":0,"skY":0,"y":0,"scX":1,"pX":27.5,"scY":1,"skX":0,"pY":3.55},"name":"Leg2"}]},{"z":3,"name":"leg1","parent":"leg1","display":[{"type":"image","transform":{"x":0,"skY":0,"y":0,"scX":1,"pX":5,"scY":1,"skX":0,"pY":6.35},"name":"Leg1"}]},{"z":4,"name":"body","parent":"body","display":[{"type":"image","transform":{"x":0,"skY":0,"y":0.05,"scX":1,"pX":24.5,"scY":1,"skX":0,"pY":39.75},"name":"body_body"}]}]}],"name":"Char","animation":[{"autoTween":1,"loop":0,"scale":1,"name":"idle","tweenEasing":null,"duration":14,"timeline":[{"offset":0,"scale":1,"name":"arm2","frame":[{"z":0,"transform":{"x":-11.8,"skY":0,"y":-13.65,"scX":1,"pX":0,"scY":1,"skX":0,"pY":0},"duration":1},{"z":0,"transform":{"x":-11.8,"skY":0,"y":-13.65,"scX":1,"pX":0,"scY":1,"skX":0,"pY":0},"tweenEasing":1,"duration":4},{"z":0,"transform":{"x":-11.8,"skY":-69.51,"y":-13.65,"scX":1.004028,"pX":0,"scY":0.998474,"skX":-55.39,"pY":0},"tweenEasing":-1,"duration":8},{"z":0,"transform":{"x":-11.8,"skY":0,"y":-13.65,"scX":1,"pX":0,"scY":1,"skX":0,"pY":0},"duration":1}]},{"offset":0,"scale":1,"name":"arm1","frame":[{"z":1,"transform":{"x":13.95,"skY":0,"y":-6.15,"scX":1,"pX":0,"scY":1,"skX":0,"pY":0},"duration":1},{"z":1,"transform":{"x":13.95,"skY":0,"y":-6.15,"scX":1,"pX":0,"scY":1,"skX":0,"pY":0},"tweenEasing":1,"duration":4},{"z":1,"transform":{"x":13.95,"skY":92.15,"y":-6.15,"scX":1.08345,"pX":0,"scY":0.999481,"skX":80.96,"pY":0},"tweenEasing":-1,"duration":8},{"z":1,"transform":{"x":13.95,"skY":0,"y":-6.15,"scX":1,"pX":0,"scY":1,"skX":0,"pY":0},"duration":1}]},{"offset":0,"scale":1,"name":"leg2","frame":[{"z":2,"transform":{"x":-11.35,"skY":0,"y":6.35,"scX":1,"pX":0,"scY":1,"skX":0,"pY":0},"duration":1},{"z":2,"transform":{"x":-11.35,"skY":0,"y":6.35,"scX":1,"pX":0,"scY":1,"skX":0,"pY":0},"tweenEasing":1,"duration":4},{"z":2,"transform":{"x":-11.35,"skY":-18.77,"y":6.35,"scX":0.999008,"pX":0,"scY":1.005356,"skX":-25.21,"pY":0},"tweenEasing":-1,"duration":8},{"z":2,"transform":{"x":-11.35,"skY":0,"y":6.35,"scX":1,"pX":0,"scY":1,"skX":0,"pY":0},"duration":1}]},{"offset":0,"scale":1,"name":"leg1","frame":[{"z":3,"transform":{"x":4.5,"skY":0,"y":8.6,"scX":1,"pX":0,"scY":1,"skX":0,"pY":0},"duration":1},{"z":3,"transform":{"x":4.5,"skY":0,"y":8.6,"scX":1,"pX":0,"scY":1,"skX":0,"pY":0},"tweenEasing":1,"duration":4},{"z":3,"transform":{"x":4.5,"skY":57.04,"y":8.6,"scX":1.189499,"pX":0,"scY":0.998367,"skX":41.62,"pY":0},"tweenEasing":-1,"duration":8},{"z":3,"transform":{"x":4.5,"skY":0,"y":8.6,"scX":1,"pX":0,"scY":1,"skX":0,"pY":0},"duration":1}]},{"offset":0,"scale":1,"name":"body","frame":[{"z":4,"transform":{"x":1.45,"skY":0,"y":-19.8,"scX":1,"pX":0,"scY":1,"skX":0,"pY":0},"duration":14}]}],"frame":[{"duration":13},{"duration":1}],"fadeInTime":0.1},{"autoTween":1,"loop":1,"scale":1,"name":"gather","tweenEasing":null,"duration":11,"timeline":[{"offset":0,"scale":1,"name":"arm2","frame":[{"z":0,"transform":{"x":-11.8,"skY":0,"y":-13.65,"scX":1,"pX":0,"scY":1,"skX":0,"pY":0},"duration":21}]},{"offset":0,"scale":1,"name":"arm1","frame":[{"z":1,"transform":{"x":13.95,"skY":0,"y":-6.15,"scX":1,"pX":0,"scY":1,"skX":0,"pY":0},"tweenEasing":1,"duration":4},{"z":1,"transform":{"x":13.95,"skY":92.15,"y":-6.15,"scX":1.08345,"pX":0,"scY":0.999481,"skX":80.96,"pY":0},"tweenEasing":-1,"duration":6},{"z":1,"transform":{"x":13.95,"skY":0,"y":-6.15,"scX":1,"pX":0,"scY":1,"skX":0,"pY":0},"duration":1}]},{"offset":0,"scale":1,"name":"leg2","frame":[{"z":2,"transform":{"x":-11.35,"skY":0,"y":6.35,"scX":1,"pX":0,"scY":1,"skX":0,"pY":0},"duration":21}]},{"offset":0,"scale":1,"name":"leg1","frame":[{"z":3,"transform":{"x":4.5,"skY":0,"y":8.6,"scX":1,"pX":0,"scY":1,"skX":0,"pY":0},"duration":21}]},{"offset":0,"scale":1,"name":"body","frame":[{"z":4,"transform":{"x":1.45,"skY":0,"y":-19.8,"scX":1,"pX":0,"scY":1,"skX":0,"pY":0},"duration":34}]}],"frame":[{"duration":4},{"duration":6},{"duration":1}],"fadeInTime":0.1},{"autoTween":1,"loop":1,"scale":1,"name":"throw","tweenEasing":null,"duration":10,"timeline":[{"offset":0,"scale":1,"name":"arm2","frame":[{"z":0,"transform":{"x":-11.8,"skY":0,"y":-13.65,"scX":1,"pX":0,"scY":1,"skX":0,"pY":0},"duration":10}]},{"offset":0,"scale":1,"name":"arm1","frame":[{"z":1,"transform":{"x":13.95,"skY":0,"y":-6.15,"scX":1,"pX":0,"scY":1,"skX":0,"pY":0},"tweenEasing":1,"duration":3},{"z":1,"transform":{"x":13.95,"skY":-38.24,"y":-6.15,"scX":1.081161,"pX":0,"scY":0.985764,"skX":-31.25,"pY":0},"tweenEasing":-1,"duration":6},{"z":1,"transform":{"x":13.95,"skY":0,"y":-6.15,"scX":1,"pX":0,"scY":1,"skX":0,"pY":0},"duration":1}]},{"offset":0,"scale":1,"name":"leg2","frame":[{"z":2,"transform":{"x":-11.35,"skY":0,"y":6.35,"scX":1,"pX":0,"scY":1,"skX":0,"pY":0},"duration":10}]},{"offset":0,"scale":1,"name":"leg1","frame":[{"z":3,"transform":{"x":4.5,"skY":0,"y":8.6,"scX":1,"pX":0,"scY":1,"skX":0,"pY":0},"duration":10}]},{"offset":0,"scale":1,"name":"body","frame":[{"z":4,"transform":{"x":1.45,"skY":0,"y":-19.8,"scX":1,"pX":0,"scY":1,"skX":0,"pY":0},"duration":23}]}],"frame":[{"duration":9},{"duration":1}],"fadeInTime":0.1},{"autoTween":1,"loop":1,"name":"attack","tweenEasing":null,"duration":13,"timeline":[{"offset":0,"scale":1,"name":"arm2","frame":[{"z":0,"transform":{"x":-11.8,"skY":0,"y":-13.65,"scX":1,"pX":0,"scY":1,"skX":0,"pY":0},"tweenEasing":1,"duration":3},{"z":0,"transform":{"x":-11.8,"skY":40.33,"y":-13.65,"scX":0.998367,"pX":0,"scY":0.998367,"skX":40.33,"pY":0},"tweenEasing":-1,"duration":3},{"z":0,"transform":{"x":-11.8,"skY":0,"y":-13.65,"scX":1,"pX":0,"scY":1,"skX":0,"pY":0},"tweenEasing":1,"duration":3},{"z":0,"transform":{"x":-11.8,"skY":40.33,"y":-13.65,"scX":0.998367,"pX":0,"scY":0.998367,"skX":40.33,"pY":0},"tweenEasing":-1,"duration":3},{"z":0,"transform":{"x":-11.8,"skY":0,"y":-13.65,"scX":1,"pX":0,"scY":1,"skX":0,"pY":0},"duration":1}]},{"offset":0,"scale":1,"name":"arm1","frame":[{"z":1,"transform":{"x":13.95,"skY":0,"y":-6.15,"scX":1,"pX":0,"scY":1,"skX":0,"pY":0},"tweenEasing":1,"duration":3},{"z":1,"transform":{"x":13.95,"skY":-31.06,"y":-8.65,"scX":0.998535,"pX":0,"scY":0.998566,"skX":-31.06,"pY":0},"tweenEasing":-1,"duration":3},{"z":1,"transform":{"x":13.95,"skY":0,"y":-6.15,"scX":1,"pX":0,"scY":1,"skX":0,"pY":0},"tweenEasing":1,"duration":3},{"z":1,"transform":{"x":13.95,"skY":-31.06,"y":-8.65,"scX":0.998535,"pX":0,"scY":0.998566,"skX":-31.06,"pY":0},"tweenEasing":-1,"duration":3},{"z":1,"transform":{"x":13.95,"skY":0,"y":-6.15,"scX":1,"pX":0,"scY":1,"skX":0,"pY":0},"duration":1}]},{"offset":0,"scale":1,"name":"leg2","frame":[{"z":2,"transform":{"x":-11.35,"skY":0,"y":6.35,"scX":1,"pX":0,"scY":1,"skX":0,"pY":0},"tweenEasing":1,"duration":6},{"z":2,"transform":{"x":-12.85,"skY":-25.51,"y":7.85,"scX":0.997955,"pX":0,"scY":0.998062,"skX":-26.31,"pY":0},"tweenEasing":-1,"duration":6},{"z":2,"transform":{"x":-11.35,"skY":0,"y":6.35,"scX":1,"pX":0,"scY":1,"skX":0,"pY":0},"duration":1}]},{"offset":0,"scale":1,"name":"leg1","frame":[{"z":3,"transform":{"x":4.5,"skY":0,"y":8.6,"scX":1,"pX":0,"scY":1,"skX":0,"pY":0},"tweenEasing":1,"duration":6},{"z":3,"transform":{"x":4.5,"skY":61.31,"y":8.6,"scX":1.189178,"pX":0,"scY":0.998108,"skX":45.88,"pY":0},"tweenEasing":-1,"duration":6},{"z":3,"transform":{"x":4.5,"skY":0,"y":8.6,"scX":1,"pX":0,"scY":1,"skX":0,"pY":0},"duration":1}]},{"offset":0,"scale":1,"name":"body","frame":[{"z":4,"transform":{"x":1.45,"skY":0,"y":-19.8,"scX":1,"pX":0,"scY":1,"skX":0,"pY":0},"duration":13}]}],"scale":1,"fadeInTime":0.1}]},{"bone":[{"transform":{"x":12.85,"skY":0,"y":-8.25,"scX":1,"scY":1,"skX":0},"name":"Layer 3"},{"transform":{"x":25.95,"skY":0,"y":-14.1,"scX":1,"scY":1,"skX":0},"name":"Layer 1"}],"skin":[{"name":"default","slot":[{"z":0,"name":"Layer 3","parent":"Layer 3","display":[{"type":"image","transform":{"x":0,"skY":0,"y":0.05,"scX":1,"pX":19.15,"scY":1,"skX":0,"pY":12.3},"name":"arm_body"}]},{"z":1,"name":"Layer 1","parent":"Layer 1","display":[{"type":"armature","transform":{"x":0,"skY":0,"y":0,"scX":1,"scY":1,"skX":0},"name":"Bag"}]}]}],"name":"Arm1","animation":[{"autoTween":1,"loop":1,"name":"idle","tweenEasing":null,"duration":1,"timeline":[{"offset":0,"scale":1,"name":"Layer 3","frame":[{"z":0,"transform":{"x":12.85,"skY":0,"y":-8.25,"scX":1,"pX":0,"scY":1,"skX":0,"pY":0},"duration":1}]},{"offset":0,"scale":1,"name":"Layer 1","frame":[{"z":1,"transform":{"x":25.95,"skY":0,"y":-14.1,"scX":1,"pX":0,"scY":1,"skX":0,"pY":0},"duration":1}]}],"scale":1,"fadeInTime":0.1}]},{"bone":[{"transform":{"x":0.1,"skY":0,"y":1.15,"scX":1,"scY":1,"skX":0},"name":"bag"},{"transform":{"x":0.05,"skY":0,"y":1.35,"scX":1,"scY":1,"skX":0},"name":"Layer 4"},{"transform":{"x":-0.3,"skY":0,"y":25.35,"scX":1,"scY":1,"skX":0},"name":"Layer 3"}],"skin":[{"name":"default","slot":[{"z":1,"name":"bag","parent":"bag","display":[{"type":"image","transform":{"x":-0.45,"skY":0,"y":11.8,"scX":1,"pX":11.9,"scY":1,"skX":0,"pY":21.55},"name":"Symbol 2"}]},{"z":2,"name":"Layer 4","parent":"Layer 4","display":[{"type":"image","transform":{"x":0,"skY":0,"y":0,"scX":1,"pX":3.85,"scY":1,"skX":0,"pY":4.6},"name":"Symbol 1"}]},{"z":0,"name":"Layer 3","parent":"Layer 3","display":[{"type":"image","transform":{"x":0,"skY":0,"y":0,"scX":1,"pX":13.85,"scY":1,"skX":0,"pY":12.85},"name":"Symbol 3"}]}]}],"name":"Bag","animation":[{"autoTween":1,"loop":1,"name":"empty","tweenEasing":null,"duration":1,"timeline":[{"offset":0,"scale":1,"name":"bag","frame":[{"z":1,"transform":{"x":0.1,"skY":0,"y":1.15,"scX":1,"pX":0,"scY":1,"skX":0,"pY":0},"duration":1}]},{"offset":0,"scale":1,"name":"Layer 4","frame":[{"z":2,"transform":{"x":0.05,"skY":0,"y":1.35,"scX":1,"pX":0,"scY":1,"skX":0,"pY":0},"duration":1}]}],"scale":1,"fadeInTime":0.1},{"autoTween":1,"loop":1,"name":"full","tweenEasing":null,"duration":1,"timeline":[{"offset":0,"scale":1,"name":"Layer 3","frame":[{"z":0,"transform":{"x":-0.3,"skY":0,"y":25.35,"scX":1,"pX":0,"scY":1,"skX":0,"pY":0},"duration":1}]},{"offset":0,"scale":1,"name":"bag","frame":[{"z":1,"transform":{"x":0.45,"skY":0,"y":2.15,"scX":1.218414,"pX":0,"scY":1.081558,"skX":0,"pY":0},"duration":1}]},{"offset":0,"scale":1,"name":"Layer 4","frame":[{"z":2,"transform":{"x":0.05,"skY":0,"y":1.35,"scX":1,"pX":0,"scY":1,"skX":0,"pY":0},"duration":1}]}],"scale":1,"fadeInTime":0.1}]}],"frameRate":24,"name":"TreasureDive","version":2.3}