{"SubTexture":[{"x":80,"height":25,"name":"Arm2","y":71,"width":35},{"x":51,"height":38,"name":"Leg2","y":0,"width":35},{"x":51,"height":31,"name":"Leg1","y":39,"width":35},{"x":0,"height":80,"name":"body_body","y":0,"width":50},{"x":87,"height":25,"name":"arm_body","y":45,"width":39},{"x":87,"height":44,"name":"Symbol 2","y":0,"width":24},{"x":112,"height":10,"name":"Symbol 1","y":0,"width":8},{"x":51,"height":26,"name":"Symbol 3","y":71,"width":28}],"name":"TreasureDive","imagePath":"texture.png"}